,customer_id,internet_service_type_id,No,Yes,predicted
0,3162-ZJZFU,2,0.7647058823529411,0.23529411764705882,No
1,1724-IQWNM,3,0.6081081081081081,0.3918918918918919,No
2,6440-DKQGE,1,0.7647058823529411,0.23529411764705882,No
3,9391-YZEJW,2,0.9260935143288085,0.07390648567119155,No
4,6847-KJLTS,2,0.7647058823529411,0.23529411764705882,No
5,2640-LYMOV,3,0.6081081081081081,0.3918918918918919,No
6,2252-NKNSI,1,0.7647058823529411,0.23529411764705882,No
7,9445-ZUEQE,2,0.7647058823529411,0.23529411764705882,No
8,7606-BPHHN,3,1.0,0.0,No
9,4291-SHSBH,2,0.41207815275310833,0.5879218472468917,Yes
10,4524-QCSSM,1,0.7647058823529411,0.23529411764705882,No
11,1480-BKXGA,2,0.9260935143288085,0.07390648567119155,No
12,6967-PEJLL,1,0.7647058823529411,0.23529411764705882,No
13,6923-EFPNL,1,0.6081081081081081,0.3918918918918919,No
14,9793-WECQC,2,0.7647058823529411,0.23529411764705882,No
15,0628-CNQRM,1,0.7647058823529411,0.23529411764705882,No
16,7488-MXJIV,2,0.41207815275310833,0.5879218472468917,Yes
17,8988-ECPJR,2,0.7647058823529411,0.23529411764705882,No
18,9286-DOJGF,2,0.7647058823529411,0.23529411764705882,No
19,9443-JUBUO,1,0.9260935143288085,0.07390648567119155,No
20,6982-SSHFK,1,0.6081081081081081,0.3918918918918919,No
21,4526-EXKKN,3,0.980225988700565,0.01977401129943503,No
22,0334-ZFJSR,1,0.7647058823529411,0.23529411764705882,No
23,7208-PSIHR,2,0.9260935143288085,0.07390648567119155,No
24,9631-XEYKE,1,0.6081081081081081,0.3918918918918919,No
25,7408-OFWXJ,1,0.9260935143288085,0.07390648567119155,No
26,5387-ASZNZ,1,0.9260935143288085,0.07390648567119155,No
27,1000-AJSLD,3,0.6081081081081081,0.3918918918918919,No
28,5117-ZSMHQ,1,0.9260935143288085,0.07390648567119155,No
29,0748-RDGGM,2,0.9260935143288085,0.07390648567119155,No
30,1143-NMNQJ,2,0.41207815275310833,0.5879218472468917,Yes
31,8807-OPMBM,3,0.980225988700565,0.01977401129943503,No
32,9640-ZSLDC,1,0.7647058823529411,0.23529411764705882,No
33,9637-CDTKZ,2,0.9260935143288085,0.07390648567119155,No
34,7078-NVFAM,1,0.7647058823529411,0.23529411764705882,No
35,0939-EREMR,1,0.8389610389610389,0.16103896103896104,No
36,1089-XZWHH,3,0.980225988700565,0.01977401129943503,No
37,0771-CHWSK,1,0.9260935143288085,0.07390648567119155,No
38,0094-OIFMO,2,0.41207815275310833,0.5879218472468917,Yes
39,1840-BIUOG,1,0.7647058823529411,0.23529411764705882,No
40,9625-QNLUX,2,0.9260935143288085,0.07390648567119155,No
41,9820-RMCQV,1,0.8389610389610389,0.16103896103896104,No
42,1725-IQNIY,2,0.7647058823529411,0.23529411764705882,No
43,8173-RXAYP,3,0.980225988700565,0.01977401129943503,No
44,5337-IIWKZ,1,0.7647058823529411,0.23529411764705882,No
45,1998-VHJHK,3,0.980225988700565,0.01977401129943503,No
46,8272-ONJLV,2,0.41207815275310833,0.5879218472468917,Yes
47,1925-TIBLE,2,0.41207815275310833,0.5879218472468917,Yes
48,6982-UQZLY,3,0.6081081081081081,0.3918918918918919,No
49,8445-DNBAE,1,0.6081081081081081,0.3918918918918919,No
50,2453-SAFNS,1,0.7647058823529411,0.23529411764705882,No
51,0440-QEXBZ,1,0.7647058823529411,0.23529411764705882,No
52,9921-QFQUL,2,0.7647058823529411,0.23529411764705882,No
53,5998-DZLYR,2,0.9260935143288085,0.07390648567119155,No
54,9526-BIHHD,1,0.6081081081081081,0.3918918918918919,No
55,2386-OWURY,2,0.7647058823529411,0.23529411764705882,No
56,7643-RCHXS,3,1.0,0.0,No
57,1820-DJFPH,3,1.0,0.0,No
58,1302-UHBDD,2,0.7647058823529411,0.23529411764705882,No
59,6253-WRFHY,1,0.8389610389610389,0.16103896103896104,No
60,3530-CRZSB,3,0.8389610389610389,0.16103896103896104,No
61,2805-AUFQN,3,0.980225988700565,0.01977401129943503,No
62,6457-GIRWB,2,0.12080536912751678,0.8791946308724832,Yes
63,8305-VHZBZ,3,0.6081081081081081,0.3918918918918919,No
64,5726-CVNYA,3,0.8389610389610389,0.16103896103896104,No
65,2811-POVEX,2,0.7647058823529411,0.23529411764705882,No
66,4119-ZYPZY,2,0.9260935143288085,0.07390648567119155,No
67,4632-PAOYU,3,0.980225988700565,0.01977401129943503,No
68,3374-PZLXD,3,0.980225988700565,0.01977401129943503,No
69,9199-PWQVC,1,0.9260935143288085,0.07390648567119155,No
70,1904-WAJAA,1,0.7647058823529411,0.23529411764705882,No
71,6110-OHIHY,2,0.41207815275310833,0.5879218472468917,Yes
72,3540-RZJYU,2,0.41207815275310833,0.5879218472468917,Yes
73,9102-OXKFY,1,0.7647058823529411,0.23529411764705882,No
74,2740-TVLFN,1,0.6081081081081081,0.3918918918918919,No
75,3920-HIHMQ,1,0.7647058823529411,0.23529411764705882,No
76,3301-LSLWQ,1,0.7647058823529411,0.23529411764705882,No
77,2300-RQGOI,3,0.980225988700565,0.01977401129943503,No
78,8204-TIFGJ,3,0.980225988700565,0.01977401129943503,No
79,8107-KNCIM,2,0.41207815275310833,0.5879218472468917,Yes
80,6823-SIDFQ,3,0.980225988700565,0.01977401129943503,No
81,1230-QAJDW,1,0.6081081081081081,0.3918918918918919,No
82,4612-THJBS,2,0.7647058823529411,0.23529411764705882,No
83,3941-XTSKM,1,0.7647058823529411,0.23529411764705882,No
84,8232-CTLKO,1,0.9260935143288085,0.07390648567119155,No
85,8313-NDOIA,2,0.7647058823529411,0.23529411764705882,No
86,1564-HJUVY,1,0.6081081081081081,0.3918918918918919,No
87,5453-AXEPF,2,0.41207815275310833,0.5879218472468917,Yes
88,5131-PONJI,2,0.7647058823529411,0.23529411764705882,No
89,3733-ZEECP,1,0.7647058823529411,0.23529411764705882,No
90,0931-MHTEM,2,0.7647058823529411,0.23529411764705882,No
91,3106-ULWFW,2,0.41207815275310833,0.5879218472468917,Yes
92,1270-XKUCC,3,0.980225988700565,0.01977401129943503,No
93,4016-BJKTZ,2,0.7647058823529411,0.23529411764705882,No
94,5813-UECBU,2,0.7647058823529411,0.23529411764705882,No
95,6476-EPYZR,3,0.8389610389610389,0.16103896103896104,No
96,5552-ZNFSJ,1,0.6081081081081081,0.3918918918918919,No
97,1004-NOZNR,2,0.7647058823529411,0.23529411764705882,No
98,3466-RITXD,2,0.7647058823529411,0.23529411764705882,No
99,1596-OQSPS,1,0.8389610389610389,0.16103896103896104,No
100,2659-VXMWZ,2,0.9260935143288085,0.07390648567119155,No
101,7964-YESJC,1,0.7647058823529411,0.23529411764705882,No
102,2882-DDZPG,3,0.8389610389610389,0.16103896103896104,No
103,8606-OEGQZ,3,0.8389610389610389,0.16103896103896104,No
104,4208-UFFGW,1,0.6081081081081081,0.3918918918918919,No
105,8710-YGLWG,1,0.6081081081081081,0.3918918918918919,No
106,4176-RELJR,3,1.0,0.0,No
107,7710-JSYOA,2,0.9260935143288085,0.07390648567119155,No
108,7089-RKVSZ,3,0.8389610389610389,0.16103896103896104,No
109,2347-WKKAE,2,0.7647058823529411,0.23529411764705882,No
110,3717-FDJFU,3,0.6081081081081081,0.3918918918918919,No
111,7250-EQKIY,1,0.6081081081081081,0.3918918918918919,No
112,0215-BQKGS,2,0.7647058823529411,0.23529411764705882,No
113,7876-BEUTG,1,0.8389610389610389,0.16103896103896104,No
114,0263-FJTQO,1,0.7647058823529411,0.23529411764705882,No
115,7502-BNYGS,1,0.7647058823529411,0.23529411764705882,No
116,8042-RNLKO,3,1.0,0.0,No
117,5999-LCXAO,1,0.6081081081081081,0.3918918918918919,No
118,9494-MRNYX,2,0.41207815275310833,0.5879218472468917,Yes
119,2725-IWWBA,1,0.7647058823529411,0.23529411764705882,No
120,4988-IQIGL,2,0.12080536912751678,0.8791946308724832,Yes
121,2302-OUZXB,1,0.9260935143288085,0.07390648567119155,No
122,5288-AHOUP,2,0.41207815275310833,0.5879218472468917,Yes
123,6240-EURKS,1,0.8389610389610389,0.16103896103896104,No
124,7856-GANIL,2,0.7647058823529411,0.23529411764705882,No
125,4310-KEDTB,1,0.7647058823529411,0.23529411764705882,No
126,2242-MFOTG,2,0.7647058823529411,0.23529411764705882,No
127,9269-CQOOL,1,0.6081081081081081,0.3918918918918919,No
128,2748-MYRVK,2,0.9260935143288085,0.07390648567119155,No
129,5168-MSWXT,2,0.41207815275310833,0.5879218472468917,Yes
130,6953-PBDIN,1,0.9260935143288085,0.07390648567119155,No
131,0442-ZXKVS,2,0.7647058823529411,0.23529411764705882,No
132,7695-PKLCZ,3,1.0,0.0,No
133,6769-DYBQN,2,0.7647058823529411,0.23529411764705882,No
134,4489-SNOJF,1,0.7647058823529411,0.23529411764705882,No
135,8048-DSDFQ,3,0.6081081081081081,0.3918918918918919,No
136,0577-WHMEV,2,0.41207815275310833,0.5879218472468917,Yes
137,6705-LNMDD,1,0.7647058823529411,0.23529411764705882,No
138,3129-AAQOU,3,0.980225988700565,0.01977401129943503,No
139,0961-ZWLVI,2,0.7647058823529411,0.23529411764705882,No
140,4971-PUYQO,2,0.7647058823529411,0.23529411764705882,No
141,0980-PVMRC,1,0.7647058823529411,0.23529411764705882,No
142,3811-VBYBZ,2,0.41207815275310833,0.5879218472468917,Yes
143,6199-IPCAO,3,0.980225988700565,0.01977401129943503,No
144,2592-SEIFQ,1,0.6081081081081081,0.3918918918918919,No
145,0301-FIDRB,1,0.9260935143288085,0.07390648567119155,No
146,9323-HGFWY,2,0.7647058823529411,0.23529411764705882,No
147,8621-MNIHH,2,0.7647058823529411,0.23529411764705882,No
148,1334-PDUKM,2,0.9260935143288085,0.07390648567119155,No
149,0584-BJQGZ,1,0.7647058823529411,0.23529411764705882,No
150,0112-QAWRZ,2,0.41207815275310833,0.5879218472468917,Yes
151,1241-EZFMJ,3,0.980225988700565,0.01977401129943503,No
152,1852-XEMDW,1,0.7647058823529411,0.23529411764705882,No
153,7105-BENQF,1,0.8389610389610389,0.16103896103896104,No
154,5847-MXBEO,3,0.980225988700565,0.01977401129943503,No
155,2560-WBWXF,3,1.0,0.0,No
156,0254-WWRKD,1,0.9260935143288085,0.07390648567119155,No
157,0106-UGRDO,2,0.9260935143288085,0.07390648567119155,No
158,0374-FIUCA,3,1.0,0.0,No
159,7197-VOJMM,1,0.9260935143288085,0.07390648567119155,No
160,8717-VCTXJ,3,0.980225988700565,0.01977401129943503,No
161,3751-KTZEL,1,0.6081081081081081,0.3918918918918919,No
162,0508-SQWPL,3,0.980225988700565,0.01977401129943503,No
163,1571-SAVHK,2,0.41207815275310833,0.5879218472468917,Yes
164,1273-MTETI,2,0.41207815275310833,0.5879218472468917,Yes
165,2070-FNEXE,2,0.41207815275310833,0.5879218472468917,Yes
166,6481-OGDOO,2,0.9260935143288085,0.07390648567119155,No
167,0774-IFUVM,1,0.8389610389610389,0.16103896103896104,No
168,9127-FHJBZ,2,0.9260935143288085,0.07390648567119155,No
169,4193-IBKSW,3,1.0,0.0,No
170,1686-STUHN,3,0.980225988700565,0.01977401129943503,No
171,9782-LGXMC,1,0.7647058823529411,0.23529411764705882,No
172,5439-WIKXB,2,0.7647058823529411,0.23529411764705882,No
173,5914-XRFQB,2,0.9260935143288085,0.07390648567119155,No
174,5294-DMSFH,2,0.7647058823529411,0.23529411764705882,No
175,3545-CNWRG,2,0.7647058823529411,0.23529411764705882,No
176,3011-WQKSZ,3,0.980225988700565,0.01977401129943503,No
177,8290-YWKHZ,2,0.7647058823529411,0.23529411764705882,No
178,5685-IIXLY,2,0.41207815275310833,0.5879218472468917,Yes
179,4816-JBHOV,1,0.6081081081081081,0.3918918918918919,No
180,3649-JPUGY,1,0.9260935143288085,0.07390648567119155,No
181,2729-VNVAP,3,0.980225988700565,0.01977401129943503,No
182,6365-HITVU,1,0.9260935143288085,0.07390648567119155,No
183,7501-VTYLJ,1,0.6081081081081081,0.3918918918918919,No
184,9330-IJWIO,2,0.41207815275310833,0.5879218472468917,Yes
185,3427-GGZZI,2,0.7647058823529411,0.23529411764705882,No
186,9685-WKZGT,2,0.41207815275310833,0.5879218472468917,Yes
187,2867-UIMSS,2,0.12080536912751678,0.8791946308724832,Yes
188,2111-DWYHN,3,0.6081081081081081,0.3918918918918919,No
189,1796-JANOW,3,0.6081081081081081,0.3918918918918919,No
190,4785-QRJHC,1,0.7647058823529411,0.23529411764705882,No
191,9537-VHDTA,1,0.6081081081081081,0.3918918918918919,No
192,2718-GAXQD,1,0.6081081081081081,0.3918918918918919,No
193,6728-VOIFY,2,0.9260935143288085,0.07390648567119155,No
194,3057-VJJQE,1,0.7647058823529411,0.23529411764705882,No
195,6848-YLDFR,1,0.7647058823529411,0.23529411764705882,No
196,3668-QPYBK,1,0.6081081081081081,0.3918918918918919,No
197,7649-PHJVR,3,0.8389610389610389,0.16103896103896104,No
198,2560-PPCHE,2,0.9260935143288085,0.07390648567119155,No
199,3021-VLNRJ,1,0.7647058823529411,0.23529411764705882,No
200,1768-HNVGJ,1,0.7647058823529411,0.23529411764705882,No
201,4906-ZHGPK,1,0.7647058823529411,0.23529411764705882,No
202,4304-TSPVK,2,0.9260935143288085,0.07390648567119155,No
203,2792-LSHWX,2,0.12080536912751678,0.8791946308724832,Yes
204,9018-PCIOK,1,0.7647058823529411,0.23529411764705882,No
205,1043-YCUTE,3,0.980225988700565,0.01977401129943503,No
206,2542-HYGIQ,3,0.6081081081081081,0.3918918918918919,No
207,6352-TWCAU,2,0.7647058823529411,0.23529411764705882,No
208,1545-JFUML,2,0.9260935143288085,0.07390648567119155,No
209,2279-AXJJK,2,0.7647058823529411,0.23529411764705882,No
210,1866-OBPNR,2,0.12080536912751678,0.8791946308724832,Yes
211,0461-CVKMU,2,0.7647058823529411,0.23529411764705882,No
212,6333-YDVLT,2,0.9260935143288085,0.07390648567119155,No
213,5505-OVWQW,3,0.8389610389610389,0.16103896103896104,No
214,3672-YITQD,2,0.7647058823529411,0.23529411764705882,No
215,8910-LEDAG,2,0.7647058823529411,0.23529411764705882,No
216,4925-LMHOK,1,0.8389610389610389,0.16103896103896104,No
217,1328-EUZHC,3,0.8389610389610389,0.16103896103896104,No
218,1543-LLLFT,2,0.9260935143288085,0.07390648567119155,No
219,2753-JMMCV,1,0.9260935143288085,0.07390648567119155,No
220,1080-BWSYE,3,1.0,0.0,No
221,4837-PZTIC,1,0.7647058823529411,0.23529411764705882,No
222,9758-MFWGD,1,0.7647058823529411,0.23529411764705882,No
223,8406-LNMHF,2,0.7647058823529411,0.23529411764705882,No
224,1915-IOFGU,2,0.12080536912751678,0.8791946308724832,Yes
225,0668-OGMHD,1,0.7647058823529411,0.23529411764705882,No
226,5849-ASHZJ,3,0.980225988700565,0.01977401129943503,No
227,4976-LNFVV,1,0.7647058823529411,0.23529411764705882,No
228,1612-EOHDH,1,0.6081081081081081,0.3918918918918919,No
229,2716-GFZOR,2,0.7647058823529411,0.23529411764705882,No
230,1478-VPOAD,1,0.6081081081081081,0.3918918918918919,No
231,8746-BFOAJ,3,0.980225988700565,0.01977401129943503,No
232,9053-EJUNL,2,0.7647058823529411,0.23529411764705882,No
233,3192-NQECA,2,0.9260935143288085,0.07390648567119155,No
234,0201-OAMXR,2,0.9260935143288085,0.07390648567119155,No
235,6077-BDPXA,2,0.41207815275310833,0.5879218472468917,Yes
236,9891-NQDBD,3,0.980225988700565,0.01977401129943503,No
237,0871-URUWO,2,0.41207815275310833,0.5879218472468917,Yes
238,4797-MIWUM,3,0.8389610389610389,0.16103896103896104,No
239,0921-OHLVP,2,0.7647058823529411,0.23529411764705882,No
240,5382-SOYZL,2,0.7647058823529411,0.23529411764705882,No
241,5419-KLXBN,2,0.7647058823529411,0.23529411764705882,No
242,3976-BWUCK,2,0.7647058823529411,0.23529411764705882,No
243,3194-ORPIK,2,0.7647058823529411,0.23529411764705882,No
244,9508-ILZDG,2,0.7647058823529411,0.23529411764705882,No
245,5168-MQQCA,2,0.9260935143288085,0.07390648567119155,No
246,4706-AXVKM,2,0.41207815275310833,0.5879218472468917,Yes
247,7562-GSUHK,2,0.41207815275310833,0.5879218472468917,Yes
248,9638-JIQYA,1,0.6081081081081081,0.3918918918918919,No
249,2225-ZRGSG,2,0.9260935143288085,0.07390648567119155,No
250,5766-XQXMQ,1,0.7647058823529411,0.23529411764705882,No
251,5274-XHAKY,2,0.7647058823529411,0.23529411764705882,No
252,8779-QRDMV,1,0.6081081081081081,0.3918918918918919,No
253,0020-INWCK,2,0.9260935143288085,0.07390648567119155,No
254,7762-URZQH,2,0.9260935143288085,0.07390648567119155,No
255,6762-QVYJO,1,0.7647058823529411,0.23529411764705882,No
256,3617-XLSGQ,2,0.9260935143288085,0.07390648567119155,No
257,8008-HAWED,1,0.8389610389610389,0.16103896103896104,No
258,9167-APMXZ,2,0.7647058823529411,0.23529411764705882,No
259,3003-CMDUU,2,0.7647058823529411,0.23529411764705882,No
260,1169-SAOCL,2,0.7647058823529411,0.23529411764705882,No
261,9780-FKVVF,1,0.8389610389610389,0.16103896103896104,No
262,5150-LJNSR,2,0.7647058823529411,0.23529411764705882,No
263,7841-FCRQD,1,0.7647058823529411,0.23529411764705882,No
264,8809-XKHMD,2,0.9260935143288085,0.07390648567119155,No
265,9057-SIHCH,2,0.41207815275310833,0.5879218472468917,Yes
266,9399-APLBT,2,0.12080536912751678,0.8791946308724832,Yes
267,4193-ORFCL,1,0.6081081081081081,0.3918918918918919,No
268,5375-XLDOF,2,0.9260935143288085,0.07390648567119155,No
269,3486-NPGST,3,0.980225988700565,0.01977401129943503,No
270,2519-TWKFS,1,0.7647058823529411,0.23529411764705882,No
271,9513-DXHDA,1,0.7647058823529411,0.23529411764705882,No
272,1343-EHPYB,2,0.9260935143288085,0.07390648567119155,No
273,3090-LETTY,1,0.6081081081081081,0.3918918918918919,No
274,8372-JUXUI,2,0.12080536912751678,0.8791946308724832,Yes
275,8065-YKXKD,2,0.41207815275310833,0.5879218472468917,Yes
276,0991-BRRFB,1,0.8389610389610389,0.16103896103896104,No
277,3055-MJDSB,1,0.8389610389610389,0.16103896103896104,No
278,8498-XXGWA,1,0.9260935143288085,0.07390648567119155,No
279,0771-WLCLA,2,0.41207815275310833,0.5879218472468917,Yes
280,3137-LUPIX,1,0.6081081081081081,0.3918918918918919,No
281,3398-FSHON,2,0.41207815275310833,0.5879218472468917,Yes
282,1038-ZAGBI,3,0.8389610389610389,0.16103896103896104,No
283,0621-TWIEM,1,0.8389610389610389,0.16103896103896104,No
284,2977-CEBSX,1,0.9260935143288085,0.07390648567119155,No
285,6235-VDHOM,1,0.6081081081081081,0.3918918918918919,No
286,6345-FZOQH,3,1.0,0.0,No
287,0839-JTCUD,1,0.9260935143288085,0.07390648567119155,No
288,9389-ACWBI,2,0.41207815275310833,0.5879218472468917,Yes
289,2309-OSFEU,1,0.8389610389610389,0.16103896103896104,No
290,6158-DWPZT,1,0.8389610389610389,0.16103896103896104,No
291,7112-OPOTK,2,0.7647058823529411,0.23529411764705882,No
292,4770-QAZXN,3,0.8389610389610389,0.16103896103896104,No
293,9866-QEVEE,2,0.7647058823529411,0.23529411764705882,No
294,3675-YDUPJ,3,0.8389610389610389,0.16103896103896104,No
295,3508-CFVZL,2,0.9260935143288085,0.07390648567119155,No
296,1031-IIDEO,2,0.12080536912751678,0.8791946308724832,Yes
297,2480-SQIOB,1,0.6081081081081081,0.3918918918918919,No
298,1029-QFBEN,3,0.6081081081081081,0.3918918918918919,No
299,4298-OYIFC,2,0.41207815275310833,0.5879218472468917,Yes
300,3544-FBCAS,1,0.9260935143288085,0.07390648567119155,No
301,5186-EJEGL,1,0.41207815275310833,0.5879218472468917,Yes
302,3704-IEAXF,1,0.9260935143288085,0.07390648567119155,No
303,3865-QBWSJ,2,0.7647058823529411,0.23529411764705882,No
304,7168-HDQHG,3,0.980225988700565,0.01977401129943503,No
305,7729-XBTWX,3,1.0,0.0,No
306,2607-DHDAK,3,1.0,0.0,No
307,1585-MQSSU,1,0.8389610389610389,0.16103896103896104,No
308,3808-HFKDE,1,0.7647058823529411,0.23529411764705882,No
309,2865-TCHJW,2,0.41207815275310833,0.5879218472468917,Yes
310,2359-KMGLI,2,0.7647058823529411,0.23529411764705882,No
311,9767-FFLEM,2,0.7647058823529411,0.23529411764705882,No
312,9701-CDXHR,2,0.7647058823529411,0.23529411764705882,No
313,8565-HBFNN,2,0.9260935143288085,0.07390648567119155,No
314,7861-UVUFT,2,0.41207815275310833,0.5879218472468917,Yes
315,0174-QRVVY,3,1.0,0.0,No
316,9799-CAYJJ,2,0.41207815275310833,0.5879218472468917,Yes
317,1899-VXWXM,2,0.7647058823529411,0.23529411764705882,No
318,4195-NZGTA,1,0.6081081081081081,0.3918918918918919,No
319,6874-SGLHU,2,0.7647058823529411,0.23529411764705882,No
320,3272-VUHPV,1,0.8389610389610389,0.16103896103896104,No
321,6986-IJDHX,2,0.7647058823529411,0.23529411764705882,No
322,8993-IZEUX,2,0.41207815275310833,0.5879218472468917,Yes
323,9481-WHGWY,1,0.9260935143288085,0.07390648567119155,No
324,4060-LDNLU,2,0.41207815275310833,0.5879218472468917,Yes
325,4774-HHGGS,3,0.980225988700565,0.01977401129943503,No
326,4922-CVPDX,1,0.7647058823529411,0.23529411764705882,No
327,0581-BXBUB,2,0.41207815275310833,0.5879218472468917,Yes
328,6463-MVYRY,1,0.7647058823529411,0.23529411764705882,No
329,8029-XYPWT,2,0.9260935143288085,0.07390648567119155,No
330,5567-WSELE,2,0.41207815275310833,0.5879218472468917,Yes
331,3863-QSTYI,1,0.7647058823529411,0.23529411764705882,No
332,8046-DNVTL,1,0.9260935143288085,0.07390648567119155,No
333,8879-XUAHX,2,0.9260935143288085,0.07390648567119155,No
334,5575-TPIZQ,2,0.7647058823529411,0.23529411764705882,No
335,2018-QKYGT,2,0.12080536912751678,0.8791946308724832,Yes
336,0218-QNVAS,2,0.9260935143288085,0.07390648567119155,No
337,5186-PEIZU,3,0.980225988700565,0.01977401129943503,No
338,8708-XPXHZ,2,0.7647058823529411,0.23529411764705882,No
339,8680-CGLTP,1,0.7647058823529411,0.23529411764705882,No
340,6522-OIQSX,1,0.9260935143288085,0.07390648567119155,No
341,3662-FXJFO,3,0.980225988700565,0.01977401129943503,No
342,9074-KGVOX,1,0.7647058823529411,0.23529411764705882,No
343,1518-VOWAV,1,0.41207815275310833,0.5879218472468917,Yes
344,5451-MHQOF,3,0.980225988700565,0.01977401129943503,No
345,1212-GLHMD,2,0.41207815275310833,0.5879218472468917,Yes
346,2369-UAPKZ,2,0.41207815275310833,0.5879218472468917,Yes
347,3537-RYBHH,1,0.7647058823529411,0.23529411764705882,No
348,8838-GPHZP,3,1.0,0.0,No
349,9153-BTBVV,3,1.0,0.0,No
350,2484-DGXPZ,3,0.980225988700565,0.01977401129943503,No
351,0017-DINOC,1,0.7647058823529411,0.23529411764705882,No
352,4424-TKOPW,2,0.41207815275310833,0.5879218472468917,Yes
353,5125-CNDSP,1,0.9260935143288085,0.07390648567119155,No
354,4720-VSTSI,2,0.7647058823529411,0.23529411764705882,No
355,0345-XMMUG,2,0.7647058823529411,0.23529411764705882,No
356,2599-CIPQE,2,0.9260935143288085,0.07390648567119155,No
357,0320-DWVTU,2,0.7647058823529411,0.23529411764705882,No
358,5406-KGRMX,3,1.0,0.0,No
359,7521-YXVZY,3,0.6081081081081081,0.3918918918918919,No
360,7442-YGZFK,1,0.6081081081081081,0.3918918918918919,No
361,0750-EBAIU,2,0.7647058823529411,0.23529411764705882,No
362,3165-HDOEW,1,0.6081081081081081,0.3918918918918919,No
363,9575-IWCAZ,3,0.8389610389610389,0.16103896103896104,No
364,0181-RITDD,2,0.9260935143288085,0.07390648567119155,No
365,4355-HBJHH,1,0.9260935143288085,0.07390648567119155,No
366,5067-WJEUN,1,0.9260935143288085,0.07390648567119155,No
367,9474-PHLYD,1,0.8389610389610389,0.16103896103896104,No
368,0222-CNVPT,1,0.7647058823529411,0.23529411764705882,No
369,1266-NZYUI,1,0.9260935143288085,0.07390648567119155,No
370,0178-CIIKR,3,0.6081081081081081,0.3918918918918919,No
371,8457-XIGKN,3,0.980225988700565,0.01977401129943503,No
372,2451-YMUXS,1,0.9260935143288085,0.07390648567119155,No
373,0265-EDXBD,2,0.7647058823529411,0.23529411764705882,No
374,9351-LZYGF,1,0.7647058823529411,0.23529411764705882,No
375,3511-APPBJ,2,0.7647058823529411,0.23529411764705882,No
376,3727-OVPRY,3,1.0,0.0,No
377,3472-OAOOR,1,0.7647058823529411,0.23529411764705882,No
378,8711-LOBKY,3,0.980225988700565,0.01977401129943503,No
379,5555-RNPGT,3,0.8389610389610389,0.16103896103896104,No
380,1015-OWJKI,3,0.6081081081081081,0.3918918918918919,No
381,3847-BAERP,3,0.8389610389610389,0.16103896103896104,No
382,9680-NIAUV,2,0.9260935143288085,0.07390648567119155,No
383,8778-LMWTJ,2,0.41207815275310833,0.5879218472468917,Yes
384,5539-TMZLF,2,0.12080536912751678,0.8791946308724832,Yes
385,1563-IWQEX,3,0.8389610389610389,0.16103896103896104,No
386,1447-PJGGA,2,0.7647058823529411,0.23529411764705882,No
387,6647-ZEDXT,2,0.7647058823529411,0.23529411764705882,No
388,6614-FHDBO,2,0.9260935143288085,0.07390648567119155,No
389,5945-AZYHT,2,0.9260935143288085,0.07390648567119155,No
390,5457-COLHT,1,0.9260935143288085,0.07390648567119155,No
391,1579-KLYDT,2,0.41207815275310833,0.5879218472468917,Yes
392,4817-VYYWS,2,0.7647058823529411,0.23529411764705882,No
393,9940-HPQPG,2,0.41207815275310833,0.5879218472468917,Yes
394,6702-OHFWR,1,0.6081081081081081,0.3918918918918919,No
395,5795-BKOYE,1,0.9260935143288085,0.07390648567119155,No
396,8646-JCOMS,2,0.9260935143288085,0.07390648567119155,No
397,0270-THENM,1,0.9260935143288085,0.07390648567119155,No
398,1614-JBEBI,3,0.8389610389610389,0.16103896103896104,No
399,7508-SMHXL,2,0.41207815275310833,0.5879218472468917,Yes
400,9169-BSVIN,1,0.41207815275310833,0.5879218472468917,Yes
401,4472-LVYGI,1,0.6081081081081081,0.3918918918918919,No
402,5868-CZJDR,1,0.6081081081081081,0.3918918918918919,No
403,3841-CONLJ,1,0.6081081081081081,0.3918918918918919,No
404,0479-HMSWA,2,0.7647058823529411,0.23529411764705882,No
405,3685-YLCMQ,2,0.7647058823529411,0.23529411764705882,No
406,3644-QXEHN,2,0.41207815275310833,0.5879218472468917,Yes
407,0997-YTLNY,1,0.7647058823529411,0.23529411764705882,No
408,2005-DWQZJ,3,0.8389610389610389,0.16103896103896104,No
409,0971-QIFJK,3,1.0,0.0,No
410,8499-BRXTD,3,0.8389610389610389,0.16103896103896104,No
411,2439-QKJUL,3,0.6081081081081081,0.3918918918918919,No
412,6259-WJQLC,2,0.7647058823529411,0.23529411764705882,No
413,9667-EQRXU,1,0.7647058823529411,0.23529411764705882,No
414,9962-BFPDU,3,0.6081081081081081,0.3918918918918919,No
415,1981-INRFU,2,0.41207815275310833,0.5879218472468917,Yes
416,4958-GZWIY,1,0.8389610389610389,0.16103896103896104,No
417,0376-YMCJC,2,0.7647058823529411,0.23529411764705882,No
418,9306-CPCBC,2,0.41207815275310833,0.5879218472468917,Yes
419,4712-AUQZO,1,0.8389610389610389,0.16103896103896104,No
420,5216-WASFJ,2,0.7647058823529411,0.23529411764705882,No
421,9571-EDEBV,2,0.9260935143288085,0.07390648567119155,No
422,2960-NKRSO,2,0.7647058823529411,0.23529411764705882,No
423,9462-MJUAW,1,0.6081081081081081,0.3918918918918919,No
424,9739-JLPQJ,2,0.9260935143288085,0.07390648567119155,No
425,4403-BWPAY,3,0.8389610389610389,0.16103896103896104,No
426,8067-NIOYM,3,0.980225988700565,0.01977401129943503,No
427,3973-SKMLN,3,1.0,0.0,No
428,3669-WHAFY,2,0.9260935143288085,0.07390648567119155,No
429,7717-BICXI,3,0.980225988700565,0.01977401129943503,No
430,9968-FFVVH,1,0.9260935143288085,0.07390648567119155,No
431,8166-ORCHU,2,0.7647058823529411,0.23529411764705882,No
432,5701-SVCWR,3,0.6081081081081081,0.3918918918918919,No
433,9702-AIUJO,1,0.7647058823529411,0.23529411764705882,No
434,9124-LHCJQ,2,0.12080536912751678,0.8791946308724832,Yes
435,1545-ACTAS,2,0.7647058823529411,0.23529411764705882,No
436,1628-BIZYP,2,0.12080536912751678,0.8791946308724832,Yes
437,0620-DLSLK,2,0.41207815275310833,0.5879218472468917,Yes
438,0822-QGCXA,1,0.7647058823529411,0.23529411764705882,No
439,4558-CGYCZ,3,0.6081081081081081,0.3918918918918919,No
440,7353-YOWFP,3,0.8389610389610389,0.16103896103896104,No
441,9488-HGMJH,2,0.12080536912751678,0.8791946308724832,Yes
442,4782-OSFXZ,1,0.9260935143288085,0.07390648567119155,No
443,4001-TSBTV,2,0.7647058823529411,0.23529411764705882,No
444,4154-AQUGT,2,0.41207815275310833,0.5879218472468917,Yes
445,0928-JMXNP,1,0.6081081081081081,0.3918918918918919,No
446,6023-GSSXW,1,0.9260935143288085,0.07390648567119155,No
447,5624-BQSSA,3,0.6081081081081081,0.3918918918918919,No
448,3724-BSCVH,3,0.8389610389610389,0.16103896103896104,No
449,6693-DJWTY,1,0.7647058823529411,0.23529411764705882,No
450,0397-ZXWQF,3,1.0,0.0,No
451,1038-RQOST,3,0.980225988700565,0.01977401129943503,No
452,7765-LWVVH,2,0.9260935143288085,0.07390648567119155,No
453,9897-KXHCM,2,0.41207815275310833,0.5879218472468917,Yes
454,0015-UOCOJ,1,0.8389610389610389,0.16103896103896104,No
455,5519-TEEUH,3,0.980225988700565,0.01977401129943503,No
456,6741-QRLUP,1,0.9260935143288085,0.07390648567119155,No
457,4546-FOKWR,2,0.41207815275310833,0.5879218472468917,Yes
458,0868-VJRDR,2,0.9260935143288085,0.07390648567119155,No
459,8800-JOOCF,2,0.41207815275310833,0.5879218472468917,Yes
460,3845-JHAMY,1,0.8389610389610389,0.16103896103896104,No
461,3855-ONCAR,2,0.41207815275310833,0.5879218472468917,Yes
462,1907-UBQFC,2,0.41207815275310833,0.5879218472468917,Yes
463,1460-UZPRJ,3,0.980225988700565,0.01977401129943503,No
464,1409-PHXTF,2,0.7647058823529411,0.23529411764705882,No
465,1320-HTRDR,2,0.41207815275310833,0.5879218472468917,Yes
466,8612-GXIDD,3,0.8389610389610389,0.16103896103896104,No
467,7459-IMVYU,1,0.7647058823529411,0.23529411764705882,No
468,3824-RHKVR,3,0.8389610389610389,0.16103896103896104,No
469,0983-TATYJ,1,0.7647058823529411,0.23529411764705882,No
470,0872-CASZJ,1,0.7647058823529411,0.23529411764705882,No
471,0702-PGIBZ,2,0.41207815275310833,0.5879218472468917,Yes
472,5828-AVIPD,2,0.7647058823529411,0.23529411764705882,No
473,4381-MHQDC,1,0.7647058823529411,0.23529411764705882,No
474,4994-OBRSZ,1,0.41207815275310833,0.5879218472468917,Yes
475,6386-SZZKH,2,0.7647058823529411,0.23529411764705882,No
476,5073-RZGBK,1,0.7647058823529411,0.23529411764705882,No
477,2972-YDYUW,2,0.7647058823529411,0.23529411764705882,No
478,0562-HKHML,3,1.0,0.0,No
479,4541-RMRLG,3,0.8389610389610389,0.16103896103896104,No
480,8270-RKSAP,2,0.41207815275310833,0.5879218472468917,Yes
481,7663-CUXZB,2,0.7647058823529411,0.23529411764705882,No
482,6543-XRMYR,2,0.7647058823529411,0.23529411764705882,No
483,0354-VXMJC,3,0.980225988700565,0.01977401129943503,No
484,8845-LWKGE,1,0.7647058823529411,0.23529411764705882,No
485,2227-JRSJX,2,0.7647058823529411,0.23529411764705882,No
486,8544-GOQSH,2,0.41207815275310833,0.5879218472468917,Yes
487,9558-IHEZX,2,0.9260935143288085,0.07390648567119155,No
488,4973-RLZVI,1,0.7647058823529411,0.23529411764705882,No
489,5748-RNCJT,2,0.9260935143288085,0.07390648567119155,No
490,9847-HNVGP,3,0.8389610389610389,0.16103896103896104,No
491,7908-QCBCA,2,0.12080536912751678,0.8791946308724832,Yes
492,7912-SYRQT,2,0.41207815275310833,0.5879218472468917,Yes
493,6286-SUUWT,3,0.6081081081081081,0.3918918918918919,No
494,6993-OHLXR,2,0.41207815275310833,0.5879218472468917,Yes
495,3606-TWKGI,2,0.41207815275310833,0.5879218472468917,Yes
496,7101-HRBLJ,1,0.9260935143288085,0.07390648567119155,No
497,0354-WYROK,2,0.7647058823529411,0.23529411764705882,No
498,4501-EQDRN,2,0.12080536912751678,0.8791946308724832,Yes
499,5360-LJCNJ,2,0.9260935143288085,0.07390648567119155,No
500,0439-IFYUN,2,0.41207815275310833,0.5879218472468917,Yes
501,8861-HGGKB,2,0.41207815275310833,0.5879218472468917,Yes
502,9086-YJYXS,1,0.7647058823529411,0.23529411764705882,No
503,3462-BJQQA,2,0.41207815275310833,0.5879218472468917,Yes
504,5077-DXTCG,1,0.6081081081081081,0.3918918918918919,No
505,3633-CDBUW,1,0.41207815275310833,0.5879218472468917,Yes
506,4836-WNFNO,3,1.0,0.0,No
507,8486-AYEQH,2,0.7647058823529411,0.23529411764705882,No
508,2862-JVEOY,3,0.8389610389610389,0.16103896103896104,No
509,2528-HFYZX,2,0.41207815275310833,0.5879218472468917,Yes
510,4484-GLZOU,2,0.7647058823529411,0.23529411764705882,No
511,2904-GGUAZ,2,0.9260935143288085,0.07390648567119155,No
512,2159-TURXX,3,0.6081081081081081,0.3918918918918919,No
513,2055-BFOCC,1,0.9260935143288085,0.07390648567119155,No
514,8178-EYZUO,2,0.7647058823529411,0.23529411764705882,No
515,4402-FTBXC,2,0.7647058823529411,0.23529411764705882,No
516,0191-ZHSKZ,1,0.7647058823529411,0.23529411764705882,No
517,4277-UDIEF,1,0.7647058823529411,0.23529411764705882,No
518,7245-JMTTQ,2,0.7647058823529411,0.23529411764705882,No
519,5016-IBERQ,2,0.7647058823529411,0.23529411764705882,No
520,7410-YTJIK,2,0.41207815275310833,0.5879218472468917,Yes
521,0141-YEAYS,2,0.7647058823529411,0.23529411764705882,No
522,4374-YMUSQ,2,0.7647058823529411,0.23529411764705882,No
523,6275-YDUVO,2,0.41207815275310833,0.5879218472468917,Yes
524,2040-VZIKE,2,0.7647058823529411,0.23529411764705882,No
525,2675-DHUTR,2,0.7647058823529411,0.23529411764705882,No
526,9838-BFCQT,3,1.0,0.0,No
527,1157-BQCUW,2,0.12080536912751678,0.8791946308724832,Yes
528,6907-CQGPN,1,0.7647058823529411,0.23529411764705882,No
529,7503-QQRVF,2,0.41207815275310833,0.5879218472468917,Yes
530,4544-RXFMG,1,0.8389610389610389,0.16103896103896104,No
531,9210-IAHGH,1,0.41207815275310833,0.5879218472468917,Yes
532,6901-GOGZG,1,0.9260935143288085,0.07390648567119155,No
533,3496-LFSZU,2,0.41207815275310833,0.5879218472468917,Yes
534,5839-SUYVZ,2,0.41207815275310833,0.5879218472468917,Yes
535,1850-AKQEP,3,0.8389610389610389,0.16103896103896104,No
536,0396-HUJBP,3,0.6081081081081081,0.3918918918918919,No
537,0248-IPDFW,1,0.6081081081081081,0.3918918918918919,No
538,0722-TROQR,2,0.41207815275310833,0.5879218472468917,Yes
539,2739-CCZMB,3,0.6081081081081081,0.3918918918918919,No
540,2105-PHWON,2,0.7647058823529411,0.23529411764705882,No
541,1444-VVSGW,2,0.9260935143288085,0.07390648567119155,No
542,6849-WLEYG,3,0.6081081081081081,0.3918918918918919,No
543,0516-QREYC,3,0.980225988700565,0.01977401129943503,No
544,8495-PRWFH,1,0.7647058823529411,0.23529411764705882,No
545,3001-UNBTL,2,0.7647058823529411,0.23529411764705882,No
546,8138-EALND,3,0.8389610389610389,0.16103896103896104,No
547,7599-NTMDP,1,0.9260935143288085,0.07390648567119155,No
548,3258-SANFR,1,0.8389610389610389,0.16103896103896104,No
549,2672-OJQZP,1,0.6081081081081081,0.3918918918918919,No
550,3428-XZMAZ,2,0.12080536912751678,0.8791946308724832,Yes
551,7180-PISOG,2,0.12080536912751678,0.8791946308724832,Yes
552,3313-QKNKB,2,0.7647058823529411,0.23529411764705882,No
553,8329-GWVPJ,2,0.7647058823529411,0.23529411764705882,No
554,4501-VCPFK,1,0.7647058823529411,0.23529411764705882,No
555,4431-EDMIQ,1,0.41207815275310833,0.5879218472468917,Yes
556,3329-WDIOK,1,0.6081081081081081,0.3918918918918919,No
557,7036-ZZKBD,1,0.7647058823529411,0.23529411764705882,No
558,1965-DDBWU,2,0.41207815275310833,0.5879218472468917,Yes
559,2194-IIQOF,1,0.9260935143288085,0.07390648567119155,No
560,0924-BJCRC,2,0.9260935143288085,0.07390648567119155,No
561,8565-CLBZW,2,0.7647058823529411,0.23529411764705882,No
562,2668-TZSPS,3,0.6081081081081081,0.3918918918918919,No
563,0019-EFAEP,2,0.9260935143288085,0.07390648567119155,No
564,6583-QGCSI,2,0.7647058823529411,0.23529411764705882,No
565,1534-OULXE,1,0.9260935143288085,0.07390648567119155,No
566,3090-HAWSU,2,0.9260935143288085,0.07390648567119155,No
567,6362-QHAFM,2,0.7647058823529411,0.23529411764705882,No
568,0122-OAHPZ,2,0.41207815275310833,0.5879218472468917,Yes
569,8566-YPRGL,3,0.6081081081081081,0.3918918918918919,No
570,1088-CNNKB,1,0.9260935143288085,0.07390648567119155,No
571,8267-ZNYVZ,2,0.7647058823529411,0.23529411764705882,No
572,0867-MKZVY,2,0.7647058823529411,0.23529411764705882,No
573,4256-ZWTZI,1,0.6081081081081081,0.3918918918918919,No
574,9359-UGBTK,1,0.9260935143288085,0.07390648567119155,No
575,8180-AKMJV,1,0.6081081081081081,0.3918918918918919,No
576,5351-QESIO,1,0.6081081081081081,0.3918918918918919,No
577,6574-MCOEH,1,0.7647058823529411,0.23529411764705882,No
578,9506-UXUSK,2,0.41207815275310833,0.5879218472468917,Yes
579,1096-ADRUX,2,0.9260935143288085,0.07390648567119155,No
580,6770-XUAGN,3,0.6081081081081081,0.3918918918918919,No
581,8606-CIQUL,2,0.9260935143288085,0.07390648567119155,No
582,9833-TGFHX,2,0.7647058823529411,0.23529411764705882,No
583,5356-KZCKT,3,0.980225988700565,0.01977401129943503,No
584,3108-PCCGG,1,0.9260935143288085,0.07390648567119155,No
585,0096-BXERS,1,0.8389610389610389,0.16103896103896104,No
586,8961-QDZZJ,2,0.7647058823529411,0.23529411764705882,No
587,9294-TDIPC,3,0.6081081081081081,0.3918918918918919,No
588,2587-EKXTS,2,0.7647058823529411,0.23529411764705882,No
589,5293-WXJAK,2,0.41207815275310833,0.5879218472468917,Yes
590,8903-XEBGX,1,0.6081081081081081,0.3918918918918919,No
591,7558-IMLMT,3,1.0,0.0,No
592,6586-MYGKD,1,0.9260935143288085,0.07390648567119155,No
593,3806-YAZOV,3,0.6081081081081081,0.3918918918918919,No
594,2897-DOVND,2,0.41207815275310833,0.5879218472468917,Yes
595,0064-SUDOG,3,0.8389610389610389,0.16103896103896104,No
596,6139-ZZRBQ,3,1.0,0.0,No
597,1120-BMWUB,1,0.8389610389610389,0.16103896103896104,No
598,2274-XUATA,1,0.9260935143288085,0.07390648567119155,No
599,2933-FILNV,1,0.6081081081081081,0.3918918918918919,No
600,4625-LAMOB,3,0.980225988700565,0.01977401129943503,No
601,4854-CIDCF,2,0.41207815275310833,0.5879218472468917,Yes
602,3161-ONRWK,1,0.9260935143288085,0.07390648567119155,No
603,0022-TCJCI,1,0.7647058823529411,0.23529411764705882,No
604,6319-IEJWJ,2,0.7647058823529411,0.23529411764705882,No
605,3930-ZGWVE,3,0.6081081081081081,0.3918918918918919,No
606,7233-PAHHL,1,0.9260935143288085,0.07390648567119155,No
607,4732-RRJZC,3,0.8389610389610389,0.16103896103896104,No
608,3146-MSEGF,1,0.9260935143288085,0.07390648567119155,No
609,8722-PRFDV,1,0.9260935143288085,0.07390648567119155,No
610,7508-MYBOG,2,0.41207815275310833,0.5879218472468917,Yes
611,1984-GPTEH,3,0.980225988700565,0.01977401129943503,No
612,2165-VOEGB,2,0.7647058823529411,0.23529411764705882,No
613,0587-DMGBH,1,0.8389610389610389,0.16103896103896104,No
614,3724-UCSHY,3,0.8389610389610389,0.16103896103896104,No
615,4826-DXMUP,1,0.7647058823529411,0.23529411764705882,No
616,7826-VVKWT,2,0.7647058823529411,0.23529411764705882,No
617,0369-ZGOVK,2,0.7647058823529411,0.23529411764705882,No
618,7801-KICAO,2,0.41207815275310833,0.5879218472468917,Yes
619,9000-PLFUZ,1,0.9260935143288085,0.07390648567119155,No
620,5597-GLBUC,2,0.12080536912751678,0.8791946308724832,Yes
621,7572-KPVKK,2,0.9260935143288085,0.07390648567119155,No
622,8257-RZAHR,1,0.8389610389610389,0.16103896103896104,No
623,1921-KYSAY,1,0.7647058823529411,0.23529411764705882,No
624,7878-RTCZG,3,0.6081081081081081,0.3918918918918919,No
625,1240-HCBOH,3,1.0,0.0,No
626,9894-QMIMJ,1,0.7647058823529411,0.23529411764705882,No
627,7249-WBIYX,2,0.41207815275310833,0.5879218472468917,Yes
628,4751-ERMAN,1,0.9260935143288085,0.07390648567119155,No
629,9500-LTVBP,2,0.7647058823529411,0.23529411764705882,No
630,2823-LKABH,2,0.41207815275310833,0.5879218472468917,Yes
631,9110-HSGTV,1,0.9260935143288085,0.07390648567119155,No
632,4568-KNYWR,1,0.7647058823529411,0.23529411764705882,No
633,7779-LGOVN,2,0.41207815275310833,0.5879218472468917,Yes
634,3120-FAZKD,3,0.980225988700565,0.01977401129943503,No
635,2731-GJRDG,2,0.7647058823529411,0.23529411764705882,No
636,7596-IIWYC,3,0.980225988700565,0.01977401129943503,No
637,3842-QTGDL,2,0.41207815275310833,0.5879218472468917,Yes
638,3274-NSDWE,3,1.0,0.0,No
639,9330-VOFSZ,2,0.9260935143288085,0.07390648567119155,No
640,9943-VSZUV,2,0.9260935143288085,0.07390648567119155,No
641,1092-WPIVQ,3,0.8389610389610389,0.16103896103896104,No
642,5519-YLDGW,2,0.7647058823529411,0.23529411764705882,No
643,9647-ERGBE,2,0.7647058823529411,0.23529411764705882,No
644,7615-ESMYF,1,0.6081081081081081,0.3918918918918919,No
645,0428-IKYCP,2,0.7647058823529411,0.23529411764705882,No
646,8413-YNHNV,1,0.9260935143288085,0.07390648567119155,No
647,3594-IVHJZ,3,0.6081081081081081,0.3918918918918919,No
648,3209-ZPKFI,1,0.7647058823529411,0.23529411764705882,No
649,5482-NUPNA,1,0.6081081081081081,0.3918918918918919,No
650,2072-ZVJJX,3,1.0,0.0,No
651,4597-ELFTS,3,0.980225988700565,0.01977401129943503,No
652,4295-YURET,1,0.7647058823529411,0.23529411764705882,No
653,8076-FEZKJ,3,0.8389610389610389,0.16103896103896104,No
654,7190-XHTWJ,3,0.980225988700565,0.01977401129943503,No
655,7957-RYHQD,2,0.7647058823529411,0.23529411764705882,No
656,5647-URDKA,3,0.8389610389610389,0.16103896103896104,No
657,6086-ESGRL,2,0.12080536912751678,0.8791946308724832,Yes
658,9661-ACXBS,2,0.7647058823529411,0.23529411764705882,No
659,8748-HFWBO,3,0.980225988700565,0.01977401129943503,No
660,9661-MHUMO,1,0.6081081081081081,0.3918918918918919,No
661,3092-IGHWF,2,0.9260935143288085,0.07390648567119155,No
662,5348-CAGXB,2,0.41207815275310833,0.5879218472468917,Yes
663,2307-FYNNL,2,0.9260935143288085,0.07390648567119155,No
664,5047-LHVLY,1,0.6081081081081081,0.3918918918918919,No
665,3583-KRKMD,2,0.41207815275310833,0.5879218472468917,Yes
666,3551-HUAZH,2,0.12080536912751678,0.8791946308724832,Yes
667,2664-XJZNO,2,0.9260935143288085,0.07390648567119155,No
668,2123-AGEEN,2,0.41207815275310833,0.5879218472468917,Yes
669,8547-NSBBO,2,0.7647058823529411,0.23529411764705882,No
670,3898-BSJYF,1,0.41207815275310833,0.5879218472468917,Yes
671,1705-GUHPV,3,1.0,0.0,No
672,0531-XBKMM,1,0.9260935143288085,0.07390648567119155,No
673,4342-HENTK,2,0.41207815275310833,0.5879218472468917,Yes
674,6701-DHKWQ,1,0.9260935143288085,0.07390648567119155,No
675,7594-RQHXR,2,0.12080536912751678,0.8791946308724832,Yes
676,6195-MELTI,1,0.7647058823529411,0.23529411764705882,No
677,1760-CAZHT,3,0.980225988700565,0.01977401129943503,No
678,1265-HVPZB,1,0.7647058823529411,0.23529411764705882,No
679,0734-OXWBT,1,0.41207815275310833,0.5879218472468917,Yes
680,6615-ZGEDR,3,0.6081081081081081,0.3918918918918919,No
681,6124-ACRHJ,3,0.6081081081081081,0.3918918918918919,No
682,4184-VODJZ,2,0.9260935143288085,0.07390648567119155,No
683,6400-BWQKW,2,0.41207815275310833,0.5879218472468917,Yes
684,8623-TMRBY,2,0.7647058823529411,0.23529411764705882,No
685,0880-TKATG,2,0.41207815275310833,0.5879218472468917,Yes
686,4616-EWBNJ,3,0.8389610389610389,0.16103896103896104,No
687,2436-QBZFP,1,0.7647058823529411,0.23529411764705882,No
688,2027-DNKIV,1,0.7647058823529411,0.23529411764705882,No
689,9814-AOUDH,3,0.980225988700565,0.01977401129943503,No
690,3524-WQDSG,2,0.7647058823529411,0.23529411764705882,No
691,3474-BAFSJ,1,0.7647058823529411,0.23529411764705882,No
692,1574-DYCWE,3,0.980225988700565,0.01977401129943503,No
693,5346-BZCHP,3,1.0,0.0,No
694,0327-WFZSY,2,0.7647058823529411,0.23529411764705882,No
695,1934-MKPXS,3,0.980225988700565,0.01977401129943503,No
696,4097-YODCF,2,0.7647058823529411,0.23529411764705882,No
697,7379-POKDZ,2,0.41207815275310833,0.5879218472468917,Yes
698,1501-SGHBW,1,0.6081081081081081,0.3918918918918919,No
699,7560-QJAVJ,1,0.9260935143288085,0.07390648567119155,No
700,0564-MUUQK,2,0.7647058823529411,0.23529411764705882,No
701,5747-PMBSQ,2,0.41207815275310833,0.5879218472468917,Yes
702,0562-KBDVM,1,0.9260935143288085,0.07390648567119155,No
703,1568-LJSZU,1,0.9260935143288085,0.07390648567119155,No
704,3865-YIOTT,2,0.9260935143288085,0.07390648567119155,No
705,0917-EZOLA,2,0.9260935143288085,0.07390648567119155,No
706,5480-TBGPH,2,0.7647058823529411,0.23529411764705882,No
707,0895-LNKRC,3,0.8389610389610389,0.16103896103896104,No
708,0601-WZHJF,1,0.8389610389610389,0.16103896103896104,No
709,8414-OOEEL,1,0.9260935143288085,0.07390648567119155,No
710,2276-YDAVZ,2,0.41207815275310833,0.5879218472468917,Yes
711,9405-GPBBG,2,0.9260935143288085,0.07390648567119155,No
712,3125-RAHBV,3,0.980225988700565,0.01977401129943503,No
713,9027-TMATR,1,0.7647058823529411,0.23529411764705882,No
714,2656-FMOKZ,2,0.41207815275310833,0.5879218472468917,Yes
715,7426-WEIJX,2,0.9260935143288085,0.07390648567119155,No
716,4324-AHJKS,1,0.6081081081081081,0.3918918918918919,No
717,7517-LDMPS,2,0.41207815275310833,0.5879218472468917,Yes
718,3316-UWXUY,2,0.7647058823529411,0.23529411764705882,No
719,2351-RRBUE,3,0.8389610389610389,0.16103896103896104,No
720,6859-QNXIQ,2,0.9260935143288085,0.07390648567119155,No
721,5845-BZZIB,3,0.980225988700565,0.01977401129943503,No
722,9134-WYRVP,2,0.7647058823529411,0.23529411764705882,No
723,8388-FYNPZ,1,0.6081081081081081,0.3918918918918919,No
724,5027-QPKTE,2,0.41207815275310833,0.5879218472468917,Yes
725,3721-WKIIL,3,0.980225988700565,0.01977401129943503,No
726,5136-KCKGI,2,0.7647058823529411,0.23529411764705882,No
727,1213-NGCUN,1,0.8389610389610389,0.16103896103896104,No
728,3640-JQGJG,1,0.8389610389610389,0.16103896103896104,No
729,2272-JKMSI,2,0.9260935143288085,0.07390648567119155,No
730,0277-BKSQP,1,0.8389610389610389,0.16103896103896104,No
731,5003-XZWWO,1,0.9260935143288085,0.07390648567119155,No
732,7375-WMVMT,2,0.9260935143288085,0.07390648567119155,No
733,4194-WHFCB,2,0.7647058823529411,0.23529411764705882,No
734,3635-JBPSG,1,0.8389610389610389,0.16103896103896104,No
735,9773-PEQBZ,2,0.41207815275310833,0.5879218472468917,Yes
736,4667-QONEA,1,0.9260935143288085,0.07390648567119155,No
737,8152-UOBNY,2,0.7647058823529411,0.23529411764705882,No
738,3726-TBHQT,2,0.9260935143288085,0.07390648567119155,No
739,5537-UXXVS,3,0.980225988700565,0.01977401129943503,No
740,2603-HVKCG,2,0.7647058823529411,0.23529411764705882,No
741,6620-HVDUJ,1,0.7647058823529411,0.23529411764705882,No
742,0244-LGNFY,1,0.9260935143288085,0.07390648567119155,No
743,3372-CDXFJ,3,0.8389610389610389,0.16103896103896104,No
744,5380-XPJNZ,3,0.980225988700565,0.01977401129943503,No
745,2073-QBVBI,1,0.7647058823529411,0.23529411764705882,No
746,6141-OOXUQ,3,0.6081081081081081,0.3918918918918919,No
747,3500-NSDOA,1,0.9260935143288085,0.07390648567119155,No
748,1830-GGFNM,2,0.9260935143288085,0.07390648567119155,No
749,5394-SVGJV,2,0.7647058823529411,0.23529411764705882,No
750,1017-FBQMM,2,0.9260935143288085,0.07390648567119155,No
751,7623-TRNQN,1,0.6081081081081081,0.3918918918918919,No
752,2947-DOMLJ,1,0.6081081081081081,0.3918918918918919,No
753,5730-DBDSI,3,1.0,0.0,No
754,2853-CWQFQ,1,0.6081081081081081,0.3918918918918919,No
755,9283-LZQOH,2,0.41207815275310833,0.5879218472468917,Yes
756,7449-HVPIV,2,0.7647058823529411,0.23529411764705882,No
757,0233-FTHAV,2,0.9260935143288085,0.07390648567119155,No
758,6035-BXTTY,1,0.7647058823529411,0.23529411764705882,No
759,9763-PDTKK,2,0.41207815275310833,0.5879218472468917,Yes
760,3018-TFTSU,2,0.41207815275310833,0.5879218472468917,Yes
761,3878-AVSOQ,2,0.12080536912751678,0.8791946308724832,Yes
762,6834-NXDCA,1,0.8389610389610389,0.16103896103896104,No
763,6621-NRZAK,3,1.0,0.0,No
764,3067-SVMTC,1,0.9260935143288085,0.07390648567119155,No
765,2550-AEVRU,1,0.7647058823529411,0.23529411764705882,No
766,4779-ZGICK,3,0.980225988700565,0.01977401129943503,No
767,8263-JQAIK,1,0.6081081081081081,0.3918918918918919,No
768,7739-LAXOG,2,0.7647058823529411,0.23529411764705882,No
769,3656-TKRVZ,1,0.6081081081081081,0.3918918918918919,No
770,7622-NXQZR,1,0.7647058823529411,0.23529411764705882,No
771,6728-WYQBC,3,0.6081081081081081,0.3918918918918919,No
772,4860-YZGZM,3,0.8389610389610389,0.16103896103896104,No
773,3088-LHEFH,2,0.41207815275310833,0.5879218472468917,Yes
774,1728-CXQBE,2,0.9260935143288085,0.07390648567119155,No
775,6771-XWBDM,2,0.7647058823529411,0.23529411764705882,No
776,3097-FQTVJ,3,0.980225988700565,0.01977401129943503,No
777,1228-FZFRV,2,0.7647058823529411,0.23529411764705882,No
778,3280-NMUVX,3,0.980225988700565,0.01977401129943503,No
779,2592-HODOV,3,0.8389610389610389,0.16103896103896104,No
780,5193-QLVZB,2,0.9260935143288085,0.07390648567119155,No
781,6650-BWFRT,2,0.9260935143288085,0.07390648567119155,No
782,8097-OMULG,1,0.7647058823529411,0.23529411764705882,No
783,1430-SFQSA,1,0.7647058823529411,0.23529411764705882,No
784,8309-IEYJD,2,0.12080536912751678,0.8791946308724832,Yes
785,1142-WACZW,1,0.6081081081081081,0.3918918918918919,No
786,9013-AQORL,1,0.7647058823529411,0.23529411764705882,No
787,1816-FLZDK,1,0.6081081081081081,0.3918918918918919,No
788,4821-WQOYN,3,1.0,0.0,No
789,7931-PXHFC,1,0.7647058823529411,0.23529411764705882,No
790,3162-KKZXO,2,0.7647058823529411,0.23529411764705882,No
791,3473-XIIIT,2,0.41207815275310833,0.5879218472468917,Yes
792,5897-ZYEKH,2,0.9260935143288085,0.07390648567119155,No
793,8382-SHQEH,2,0.41207815275310833,0.5879218472468917,Yes
794,1567-DSCIC,2,0.41207815275310833,0.5879218472468917,Yes
795,4760-THGOT,2,0.7647058823529411,0.23529411764705882,No
796,2129-ALKBS,3,0.980225988700565,0.01977401129943503,No
797,0524-IAVZO,2,0.7647058823529411,0.23529411764705882,No
798,9769-TSBZE,1,0.9260935143288085,0.07390648567119155,No
799,0799-DDIHE,1,0.8389610389610389,0.16103896103896104,No
800,7746-AWNQW,1,0.7647058823529411,0.23529411764705882,No
801,9903-LYSAB,2,0.41207815275310833,0.5879218472468917,Yes
802,6331-EWIEB,2,0.7647058823529411,0.23529411764705882,No
803,2040-XBAVJ,2,0.9260935143288085,0.07390648567119155,No
804,9361-YNQWJ,3,1.0,0.0,No
805,6214-EDAKZ,1,0.7647058823529411,0.23529411764705882,No
806,5743-KHMNA,3,1.0,0.0,No
807,5275-PMFUT,1,0.9260935143288085,0.07390648567119155,No
808,8878-RYUKI,1,0.7647058823529411,0.23529411764705882,No
809,6166-YIPFO,1,0.9260935143288085,0.07390648567119155,No
810,6288-LBEAR,2,0.7647058823529411,0.23529411764705882,No
811,7293-LSCDV,3,0.980225988700565,0.01977401129943503,No
812,5923-GXUOC,2,0.41207815275310833,0.5879218472468917,Yes
813,8053-WWDRO,3,0.8389610389610389,0.16103896103896104,No
814,7670-ZBPOQ,1,0.7647058823529411,0.23529411764705882,No
815,7369-TRPFD,3,0.980225988700565,0.01977401129943503,No
816,6178-KFNHS,2,0.41207815275310833,0.5879218472468917,Yes
817,1297-VQDRP,2,0.9260935143288085,0.07390648567119155,No
818,1982-FEBTD,3,0.980225988700565,0.01977401129943503,No
819,0137-OCGAB,2,0.12080536912751678,0.8791946308724832,Yes
820,4450-DLLMH,2,0.41207815275310833,0.5879218472468917,Yes
821,0742-LAFQK,2,0.9260935143288085,0.07390648567119155,No
822,6461-PPAXN,1,0.7647058823529411,0.23529411764705882,No
823,6297-NOOPG,2,0.9260935143288085,0.07390648567119155,No
824,5693-PIPCS,2,0.7647058823529411,0.23529411764705882,No
825,2754-VDLTR,2,0.41207815275310833,0.5879218472468917,Yes
826,1984-FCOWB,2,0.9260935143288085,0.07390648567119155,No
827,4847-QNOKA,1,0.6081081081081081,0.3918918918918919,No
828,5701-ZIKJE,1,0.8389610389610389,0.16103896103896104,No
829,6016-LVTJQ,3,0.980225988700565,0.01977401129943503,No
830,9828-AOQLM,1,0.6081081081081081,0.3918918918918919,No
831,1963-SVUCV,1,0.6081081081081081,0.3918918918918919,No
832,2625-TRCZQ,1,0.7647058823529411,0.23529411764705882,No
833,2952-QAYZF,2,0.41207815275310833,0.5879218472468917,Yes
834,1421-HCERK,2,0.7647058823529411,0.23529411764705882,No
835,8148-WOCMK,3,0.8389610389610389,0.16103896103896104,No
836,2207-RYYRL,3,0.980225988700565,0.01977401129943503,No
837,6778-JFCMK,1,0.7647058823529411,0.23529411764705882,No
838,7696-CFTAT,3,0.980225988700565,0.01977401129943503,No
839,4504-YOULA,1,0.7647058823529411,0.23529411764705882,No
840,7997-EASSD,2,0.9260935143288085,0.07390648567119155,No
841,5527-ACHSO,1,0.41207815275310833,0.5879218472468917,Yes
842,8189-DUKMV,3,0.6081081081081081,0.3918918918918919,No
843,2223-KAGMX,3,0.8389610389610389,0.16103896103896104,No
844,9924-JPRMC,2,0.9260935143288085,0.07390648567119155,No
845,9964-WBQDJ,3,1.0,0.0,No
846,5536-RTPWK,2,0.7647058823529411,0.23529411764705882,No
847,0835-DUUIQ,3,0.980225988700565,0.01977401129943503,No
848,7216-EWTRS,2,0.12080536912751678,0.8791946308724832,Yes
849,7968-QUXNS,3,0.8389610389610389,0.16103896103896104,No
850,4349-GFQHK,1,0.6081081081081081,0.3918918918918919,No
851,1222-KJNZD,3,0.980225988700565,0.01977401129943503,No
852,3349-ANQNH,2,0.7647058823529411,0.23529411764705882,No
853,2195-VVRJF,1,0.8389610389610389,0.16103896103896104,No
854,5980-NOPLP,2,0.7647058823529411,0.23529411764705882,No
855,5144-TVGLP,2,0.7647058823529411,0.23529411764705882,No
856,4003-OCTMP,1,0.7647058823529411,0.23529411764705882,No
857,4334-HOWRP,1,0.9260935143288085,0.07390648567119155,No
858,3745-HRPHI,1,0.9260935143288085,0.07390648567119155,No
859,7799-DSEWS,1,0.41207815275310833,0.5879218472468917,Yes
860,7325-ENZFI,1,0.7647058823529411,0.23529411764705882,No
861,6873-UDNLD,1,0.7647058823529411,0.23529411764705882,No
862,7351-KYHQH,1,0.8389610389610389,0.16103896103896104,No
863,2320-SLKMB,1,0.7647058823529411,0.23529411764705882,No
864,0060-FUALY,2,0.7647058823529411,0.23529411764705882,No
865,6918-UMQCG,2,0.41207815275310833,0.5879218472468917,Yes
866,7239-HZZCX,3,0.6081081081081081,0.3918918918918919,No
867,6022-UGGSO,2,0.7647058823529411,0.23529411764705882,No
868,6960-HVYXR,2,0.12080536912751678,0.8791946308724832,Yes
869,1755-RMCXH,3,0.6081081081081081,0.3918918918918919,No
870,7446-SFAOA,3,0.980225988700565,0.01977401129943503,No
871,2077-DDHJK,1,0.9260935143288085,0.07390648567119155,No
872,6726-WEXXK,2,0.7647058823529411,0.23529411764705882,No
873,4006-HKYHO,1,0.9260935143288085,0.07390648567119155,No
874,6621-YOBKI,3,0.6081081081081081,0.3918918918918919,No
875,7878-JGDKK,1,0.6081081081081081,0.3918918918918919,No
876,6862-CQUMB,2,0.7647058823529411,0.23529411764705882,No
877,1177-XZBJL,1,0.7647058823529411,0.23529411764705882,No
878,0529-ONKER,2,0.41207815275310833,0.5879218472468917,Yes
879,3468-DRVQJ,1,0.41207815275310833,0.5879218472468917,Yes
880,2877-VDUER,1,0.7647058823529411,0.23529411764705882,No
881,1862-QRWPE,3,0.980225988700565,0.01977401129943503,No
882,5600-PDUJF,1,0.8389610389610389,0.16103896103896104,No
883,0361-HJRDX,1,0.9260935143288085,0.07390648567119155,No
884,7157-SMCFK,3,0.980225988700565,0.01977401129943503,No
885,2030-BTZRO,3,0.8389610389610389,0.16103896103896104,No
886,7649-SIJJF,1,0.9260935143288085,0.07390648567119155,No
887,3132-TVFDZ,1,0.7647058823529411,0.23529411764705882,No
888,6366-XIVKZ,1,0.8389610389610389,0.16103896103896104,No
889,7610-TVOPG,3,0.8389610389610389,0.16103896103896104,No
890,3779-OSWCF,1,0.9260935143288085,0.07390648567119155,No
891,7337-CINUD,3,0.8389610389610389,0.16103896103896104,No
892,8780-IHCRN,3,1.0,0.0,No
893,0641-EVBOJ,2,0.41207815275310833,0.5879218472468917,Yes
894,4423-YLHDV,2,0.7647058823529411,0.23529411764705882,No
895,6532-YLWSI,3,0.980225988700565,0.01977401129943503,No
896,0853-TWRVK,2,0.9260935143288085,0.07390648567119155,No
897,5159-YFPKQ,2,0.41207815275310833,0.5879218472468917,Yes
898,1785-BPHTP,2,0.7647058823529411,0.23529411764705882,No
899,2984-RGEYA,3,1.0,0.0,No
900,8752-STIVR,2,0.41207815275310833,0.5879218472468917,Yes
901,8630-FJLIB,2,0.41207815275310833,0.5879218472468917,Yes
902,3766-EJLFL,2,0.9260935143288085,0.07390648567119155,No
903,1264-FUHCX,1,0.7647058823529411,0.23529411764705882,No
904,2378-YIZKA,1,0.9260935143288085,0.07390648567119155,No
905,5647-FXOTP,2,0.9260935143288085,0.07390648567119155,No
906,8905-IAZPF,2,0.9260935143288085,0.07390648567119155,No
907,3230-WYKIR,1,0.41207815275310833,0.5879218472468917,Yes
908,2325-ZUSFD,1,0.7647058823529411,0.23529411764705882,No
909,1960-UOTYM,1,0.7647058823529411,0.23529411764705882,No
910,2667-WYLWJ,3,0.8389610389610389,0.16103896103896104,No
911,9025-ZRPVR,3,0.8389610389610389,0.16103896103896104,No
912,2568-OIADY,2,0.7647058823529411,0.23529411764705882,No
913,4338-EYCER,1,0.7647058823529411,0.23529411764705882,No
914,6633-MPWBS,1,0.6081081081081081,0.3918918918918919,No
915,2137-DQMEV,1,0.9260935143288085,0.07390648567119155,No
916,2408-PSJVE,1,0.7647058823529411,0.23529411764705882,No
917,8133-ANHHJ,2,0.7647058823529411,0.23529411764705882,No
918,3307-TLCUD,1,0.8389610389610389,0.16103896103896104,No
919,2799-ARNLO,2,0.41207815275310833,0.5879218472468917,Yes
920,6582-PLFUU,3,0.980225988700565,0.01977401129943503,No
921,1494-EJZDW,3,0.8389610389610389,0.16103896103896104,No
922,5663-QBGIS,2,0.9260935143288085,0.07390648567119155,No
923,6870-ZWMNX,1,0.9260935143288085,0.07390648567119155,No
924,3251-YMVWZ,3,0.980225988700565,0.01977401129943503,No
925,7109-MFBYV,1,0.7647058823529411,0.23529411764705882,No
926,7647-GYYKX,3,0.980225988700565,0.01977401129943503,No
927,2085-BOJKI,2,0.41207815275310833,0.5879218472468917,Yes
928,4881-GQJTW,3,0.8389610389610389,0.16103896103896104,No
929,7598-UAASY,2,0.41207815275310833,0.5879218472468917,Yes
930,5028-GZLDO,2,0.41207815275310833,0.5879218472468917,Yes
931,3212-KXOCR,3,0.980225988700565,0.01977401129943503,No
932,8465-SBRXP,2,0.7647058823529411,0.23529411764705882,No
933,7184-LRUUR,1,0.7647058823529411,0.23529411764705882,No
934,9700-ZCLOT,3,0.6081081081081081,0.3918918918918919,No
935,8028-PNXHQ,3,1.0,0.0,No
936,4505-EXZHB,2,0.41207815275310833,0.5879218472468917,Yes
937,0080-EMYVY,1,0.8389610389610389,0.16103896103896104,No
938,5443-SCMKX,2,0.7647058823529411,0.23529411764705882,No
939,7312-XSBAT,1,0.6081081081081081,0.3918918918918919,No
940,7061-OVMIM,3,0.980225988700565,0.01977401129943503,No
941,0032-PGELS,1,0.6081081081081081,0.3918918918918919,No
942,3967-VQOGC,3,1.0,0.0,No
943,3099-OONVS,1,0.7647058823529411,0.23529411764705882,No
944,8064-RAVOH,1,0.6081081081081081,0.3918918918918919,No
945,5774-QPLTF,3,0.980225988700565,0.01977401129943503,No
946,4123-DVHPH,2,0.41207815275310833,0.5879218472468917,Yes
947,4654-GGUII,1,0.8389610389610389,0.16103896103896104,No
948,2979-SXESE,2,0.41207815275310833,0.5879218472468917,Yes
949,1741-WTPON,2,0.7647058823529411,0.23529411764705882,No
950,2419-FSORS,2,0.9260935143288085,0.07390648567119155,No
951,5334-AFQJB,3,1.0,0.0,No
952,9861-PDSZP,2,0.9260935143288085,0.07390648567119155,No
953,1216-JWVUX,2,0.7647058823529411,0.23529411764705882,No
954,3714-NTNFO,2,0.7647058823529411,0.23529411764705882,No
955,8199-ZLLSA,2,0.9260935143288085,0.07390648567119155,No
956,5146-YYFRZ,3,1.0,0.0,No
957,8357-EQXFO,2,0.41207815275310833,0.5879218472468917,Yes
958,0817-HSUSE,1,0.12080536912751678,0.8791946308724832,Yes
959,7996-BPXHY,3,0.8389610389610389,0.16103896103896104,No
960,0774-RMNUW,1,0.9260935143288085,0.07390648567119155,No
961,7321-KKSDU,3,0.980225988700565,0.01977401129943503,No
962,5850-BDWCY,3,0.8389610389610389,0.16103896103896104,No
963,6974-DAFLI,3,0.980225988700565,0.01977401129943503,No
964,7343-EOBEU,3,0.6081081081081081,0.3918918918918919,No
965,3675-EQOZA,3,0.6081081081081081,0.3918918918918919,No
966,3420-YJLQT,2,0.41207815275310833,0.5879218472468917,Yes
967,6034-ZRYCV,1,0.9260935143288085,0.07390648567119155,No
968,0988-AADSA,1,0.9260935143288085,0.07390648567119155,No
969,9173-IVZVP,3,0.980225988700565,0.01977401129943503,No
970,8847-GEOOQ,1,0.9260935143288085,0.07390648567119155,No
971,2234-EOFPT,1,0.9260935143288085,0.07390648567119155,No
972,6556-DBKZF,2,0.9260935143288085,0.07390648567119155,No
973,9258-CNWAC,2,0.9260935143288085,0.07390648567119155,No
974,4709-LKHYG,3,0.980225988700565,0.01977401129943503,No
975,7520-HQWJU,1,0.9260935143288085,0.07390648567119155,No
976,3440-JPSCL,2,0.41207815275310833,0.5879218472468917,Yes
977,6576-FBXOJ,1,0.8389610389610389,0.16103896103896104,No
978,3552-CTCYF,2,0.9260935143288085,0.07390648567119155,No
979,1928-BXYIV,1,0.6081081081081081,0.3918918918918919,No
980,4873-ILOLJ,2,0.7647058823529411,0.23529411764705882,No
981,7047-FWEYA,2,0.7647058823529411,0.23529411764705882,No
982,7613-LLQFO,2,0.41207815275310833,0.5879218472468917,Yes
983,1024-GUALD,1,0.6081081081081081,0.3918918918918919,No
984,6893-ODYYE,2,0.7647058823529411,0.23529411764705882,No
985,9378-FXTIZ,1,0.7647058823529411,0.23529411764705882,No
986,4648-YPBTM,1,0.7647058823529411,0.23529411764705882,No
987,6655-LHBYW,2,0.7647058823529411,0.23529411764705882,No
988,7130-CTCUS,1,0.8389610389610389,0.16103896103896104,No
989,0203-HHYIJ,3,0.980225988700565,0.01977401129943503,No
990,3030-YDNRM,2,0.41207815275310833,0.5879218472468917,Yes
991,4662-EKDPQ,1,0.6081081081081081,0.3918918918918919,No
992,5089-IFSDP,2,0.7647058823529411,0.23529411764705882,No
993,9732-KPKBW,1,0.6081081081081081,0.3918918918918919,No
994,2931-SVLTV,2,0.7647058823529411,0.23529411764705882,No
995,9497-QCMMS,2,0.12080536912751678,0.8791946308724832,Yes
996,8993-PHFWD,1,0.6081081081081081,0.3918918918918919,No
997,3312-UUMZW,2,0.7647058823529411,0.23529411764705882,No
998,3521-HTQTV,3,0.980225988700565,0.01977401129943503,No
999,8922-LIEGH,2,0.7647058823529411,0.23529411764705882,No
1000,4415-WNGVR,1,0.41207815275310833,0.5879218472468917,Yes
1001,3910-MRQOY,3,1.0,0.0,No
1002,6212-ATMLK,2,0.7647058823529411,0.23529411764705882,No
1003,0999-QXNSA,1,0.8389610389610389,0.16103896103896104,No
1004,7641-TQFHN,2,0.7647058823529411,0.23529411764705882,No
1005,3948-KXDUF,1,0.9260935143288085,0.07390648567119155,No
1006,2682-KEVRP,3,0.980225988700565,0.01977401129943503,No
1007,2817-NTQDO,1,0.8389610389610389,0.16103896103896104,No
1008,9357-UJRUN,1,0.7647058823529411,0.23529411764705882,No
1009,2144-BFDSO,2,0.7647058823529411,0.23529411764705882,No
1010,9560-BBZXK,1,0.7647058823529411,0.23529411764705882,No
1011,0626-QXNGV,3,1.0,0.0,No
1012,5494-HECPR,2,0.12080536912751678,0.8791946308724832,Yes
1013,5006-MXVRN,3,0.980225988700565,0.01977401129943503,No
1014,1052-QJIBV,3,1.0,0.0,No
1015,9281-PKKZE,1,0.7647058823529411,0.23529411764705882,No
1016,7629-WIXZF,1,0.8389610389610389,0.16103896103896104,No
1017,4325-NFSKC,2,0.7647058823529411,0.23529411764705882,No
1018,7674-YTAFD,2,0.7647058823529411,0.23529411764705882,No
1019,1930-BZLHI,3,0.980225988700565,0.01977401129943503,No
1020,6715-OFDBP,1,0.41207815275310833,0.5879218472468917,Yes
1021,3370-GQEAL,2,0.7647058823529411,0.23529411764705882,No
1022,9278-VZKCD,2,0.7647058823529411,0.23529411764705882,No
1023,6741-EGCBI,2,0.7647058823529411,0.23529411764705882,No
1024,4609-KNNWG,3,0.980225988700565,0.01977401129943503,No
1025,7964-ZRKKG,2,0.9260935143288085,0.07390648567119155,No
1026,3541-ZNUHK,2,0.7647058823529411,0.23529411764705882,No
1027,8295-FHIVV,3,0.8389610389610389,0.16103896103896104,No
1028,4160-AMJTL,3,0.8389610389610389,0.16103896103896104,No
1029,6231-WFGFH,3,0.6081081081081081,0.3918918918918919,No
1030,4443-EMBNA,3,1.0,0.0,No
1031,9375-MHRRS,1,0.8389610389610389,0.16103896103896104,No
1032,2959-EEXWB,1,0.7647058823529411,0.23529411764705882,No
1033,7841-TZDMQ,1,0.6081081081081081,0.3918918918918919,No
1034,7399-QHBJS,1,0.9260935143288085,0.07390648567119155,No
1035,2483-XSSMZ,1,0.7647058823529411,0.23529411764705882,No
1036,6907-NZZIJ,2,0.7647058823529411,0.23529411764705882,No
1037,1384-RCUXW,2,0.41207815275310833,0.5879218472468917,Yes
1038,8904-OPDCK,1,0.980225988700565,0.01977401129943503,No
1039,6876-ADESB,1,0.6081081081081081,0.3918918918918919,No
1040,2495-TTHBQ,3,0.6081081081081081,0.3918918918918919,No
1041,9003-CPATH,2,0.7647058823529411,0.23529411764705882,No
1042,7554-NEWDD,3,0.8389610389610389,0.16103896103896104,No
1043,7359-WWYJV,2,0.9260935143288085,0.07390648567119155,No
1044,7136-IHZJA,1,0.7647058823529411,0.23529411764705882,No
1045,5605-IYGFG,2,0.41207815275310833,0.5879218472468917,Yes
1046,5950-AAAGJ,2,0.41207815275310833,0.5879218472468917,Yes
1047,4803-AXVYP,2,0.7647058823529411,0.23529411764705882,No
1048,3352-ALMCK,2,0.7647058823529411,0.23529411764705882,No
1049,5837-LXSDN,1,0.7647058823529411,0.23529411764705882,No
1050,0962-CQPWQ,3,1.0,0.0,No
1051,6719-FGEDO,2,0.9260935143288085,0.07390648567119155,No
1052,4390-KYULV,3,0.6081081081081081,0.3918918918918919,No
1053,5804-LEPIM,2,0.41207815275310833,0.5879218472468917,Yes
1054,2320-YKQBO,3,0.8389610389610389,0.16103896103896104,No
1055,2746-DIJLO,1,0.7647058823529411,0.23529411764705882,No
1056,6478-HRRCZ,1,0.7647058823529411,0.23529411764705882,No
1057,9350-ZXYJC,3,0.6081081081081081,0.3918918918918919,No
1058,1541-ETJZO,1,0.6081081081081081,0.3918918918918919,No
1059,2476-YGEFM,2,0.7647058823529411,0.23529411764705882,No
1060,6693-FRIRW,2,0.41207815275310833,0.5879218472468917,Yes
1061,8190-ZTQFB,1,0.7647058823529411,0.23529411764705882,No
1062,5502-RLUYV,2,0.9260935143288085,0.07390648567119155,No
1063,8207-DMRVL,2,0.9260935143288085,0.07390648567119155,No
1064,9518-RWHZL,2,0.9260935143288085,0.07390648567119155,No
1065,9101-NTIXF,3,0.6081081081081081,0.3918918918918919,No
1066,8097-VBQTZ,1,0.7647058823529411,0.23529411764705882,No
1067,2737-WFVYW,1,0.6081081081081081,0.3918918918918919,No
1068,5494-WOZRZ,1,0.9260935143288085,0.07390648567119155,No
1069,2587-YNLES,3,0.8389610389610389,0.16103896103896104,No
1070,0707-HOVVN,1,0.9260935143288085,0.07390648567119155,No
1071,8591-TKMZH,2,0.7647058823529411,0.23529411764705882,No
1072,7634-WSWDB,1,0.8389610389610389,0.16103896103896104,No
1073,5183-KLYEM,2,0.9260935143288085,0.07390648567119155,No
1074,6616-AALSR,2,0.9260935143288085,0.07390648567119155,No
1075,0854-UYHZD,3,0.8389610389610389,0.16103896103896104,No
1076,5074-FBGHB,2,0.9260935143288085,0.07390648567119155,No
1077,1374-DMZUI,2,0.41207815275310833,0.5879218472468917,Yes
1078,0377-JBKKT,1,0.7647058823529411,0.23529411764705882,No
1079,4282-YMKNA,2,0.41207815275310833,0.5879218472468917,Yes
1080,1353-LJWEM,1,0.8389610389610389,0.16103896103896104,No
1081,3723-BFBGR,1,0.7647058823529411,0.23529411764705882,No
1082,9730-DRTMJ,1,0.7647058823529411,0.23529411764705882,No
1083,3396-DKDEL,2,0.9260935143288085,0.07390648567119155,No
1084,8695-WDYEA,1,0.6081081081081081,0.3918918918918919,No
1085,8901-HJXTF,1,0.8389610389610389,0.16103896103896104,No
1086,8727-JQFHV,3,0.980225988700565,0.01977401129943503,No
1087,1122-YJBCS,1,0.9260935143288085,0.07390648567119155,No
1088,8695-ARGXZ,2,0.7647058823529411,0.23529411764705882,No
1089,2933-XEUJM,1,0.7647058823529411,0.23529411764705882,No
1090,2724-FJDYW,1,0.7647058823529411,0.23529411764705882,No
1091,5709-LVOEQ,1,0.12080536912751678,0.8791946308724832,Yes
1092,5803-NQJZO,1,0.9260935143288085,0.07390648567119155,No
1093,6322-HRPFA,1,0.7647058823529411,0.23529411764705882,No
1094,7593-JNWRU,1,0.8389610389610389,0.16103896103896104,No
1095,1195-OIYEJ,2,0.41207815275310833,0.5879218472468917,Yes
1096,7136-RVDTZ,1,0.9260935143288085,0.07390648567119155,No
1097,1707-HABPF,2,0.7647058823529411,0.23529411764705882,No
1098,6680-NENYN,2,0.7647058823529411,0.23529411764705882,No
1099,1136-XGEQU,1,0.7647058823529411,0.23529411764705882,No
1100,0363-QJVFX,2,0.7647058823529411,0.23529411764705882,No
1101,4373-VVHQL,1,0.6081081081081081,0.3918918918918919,No
1102,2342-CKIAO,3,0.6081081081081081,0.3918918918918919,No
1103,1140-UKVZG,3,0.8389610389610389,0.16103896103896104,No
1104,9867-NNXLC,3,0.980225988700565,0.01977401129943503,No
1105,4831-EOBFE,2,0.7647058823529411,0.23529411764705882,No
1106,7481-ATQQS,2,0.7647058823529411,0.23529411764705882,No
1107,9840-EFJQB,2,0.12080536912751678,0.8791946308724832,Yes
1108,7503-ZGUZJ,2,0.12080536912751678,0.8791946308724832,Yes
1109,5380-WJKOV,2,0.7647058823529411,0.23529411764705882,No
1110,7964-VEXDG,2,0.7647058823529411,0.23529411764705882,No
1111,6994-FGRHH,2,0.9260935143288085,0.07390648567119155,No
1112,3014-WJKSM,2,0.7647058823529411,0.23529411764705882,No
1113,1506-YJTYT,1,0.7647058823529411,0.23529411764705882,No
1114,4759-PXTAN,1,0.7647058823529411,0.23529411764705882,No
1115,4656-CAURT,3,1.0,0.0,No
1116,0100-DUVFC,2,0.9260935143288085,0.07390648567119155,No
1117,8696-JKZNU,2,0.7647058823529411,0.23529411764705882,No
1118,7665-TOALD,2,0.12080536912751678,0.8791946308724832,Yes
1119,6925-BAYGL,3,0.980225988700565,0.01977401129943503,No
1120,4361-FEBGN,3,0.980225988700565,0.01977401129943503,No
1121,8974-OVACP,3,0.6081081081081081,0.3918918918918919,No
1122,2200-DSAAL,1,0.9260935143288085,0.07390648567119155,No
1123,0811-GSDTP,1,0.8389610389610389,0.16103896103896104,No
1124,9430-NKQLY,3,1.0,0.0,No
1125,5816-JMLGY,1,0.9260935143288085,0.07390648567119155,No
1126,0929-PECLO,2,0.9260935143288085,0.07390648567119155,No
1127,9136-ALYBR,1,0.6081081081081081,0.3918918918918919,No
1128,3219-JQRSL,1,0.9260935143288085,0.07390648567119155,No
1129,8439-LTUGF,3,0.8389610389610389,0.16103896103896104,No
1130,1093-YSWCA,3,0.8389610389610389,0.16103896103896104,No
1131,3062-ICYZQ,2,0.7647058823529411,0.23529411764705882,No
1132,6145-NNPNO,1,0.6081081081081081,0.3918918918918919,No
1133,9871-ELEYA,1,0.7647058823529411,0.23529411764705882,No
1134,8035-BUYVG,1,0.7647058823529411,0.23529411764705882,No
1135,3525-DVKFN,3,0.8389610389610389,0.16103896103896104,No
1136,9938-EKRGF,1,0.41207815275310833,0.5879218472468917,Yes
1137,1077-HUUJM,2,0.41207815275310833,0.5879218472468917,Yes
1138,3398-ZOUAA,2,0.7647058823529411,0.23529411764705882,No
1139,2103-ZRXFN,1,0.6081081081081081,0.3918918918918919,No
1140,7892-POOKP,2,0.7647058823529411,0.23529411764705882,No
1141,7123-WQUHX,2,0.7647058823529411,0.23529411764705882,No
1142,3027-YNWZU,3,1.0,0.0,No
1143,7217-JYHOQ,1,0.7647058823529411,0.23529411764705882,No
1144,7126-RBHSD,2,0.41207815275310833,0.5879218472468917,Yes
1145,2275-RBYQS,1,0.6081081081081081,0.3918918918918919,No
1146,9097-ZUBYC,1,0.8389610389610389,0.16103896103896104,No
1147,2885-HIJDH,1,0.9260935143288085,0.07390648567119155,No
1148,9174-FKWZE,3,0.6081081081081081,0.3918918918918919,No
1149,8945-MUQUF,2,0.7647058823529411,0.23529411764705882,No
1150,4188-PCPIG,1,0.7647058823529411,0.23529411764705882,No
1151,6300-BWMJX,2,0.7647058823529411,0.23529411764705882,No
1152,2737-YNGYW,2,0.41207815275310833,0.5879218472468917,Yes
1153,1357-MVDOZ,1,0.8389610389610389,0.16103896103896104,No
1154,5429-LWCMV,2,0.41207815275310833,0.5879218472468917,Yes
1155,3621-CEOVK,2,0.41207815275310833,0.5879218472468917,Yes
1156,6549-NNDYT,1,0.8389610389610389,0.16103896103896104,No
1157,3094-JOJAI,2,0.41207815275310833,0.5879218472468917,Yes
1158,3091-FYHKI,1,0.6081081081081081,0.3918918918918919,No
1159,6840-RESVB,1,0.7647058823529411,0.23529411764705882,No
1160,5138-WVKYJ,2,0.41207815275310833,0.5879218472468917,Yes
1161,8631-NBHFZ,1,0.9260935143288085,0.07390648567119155,No
1162,7581-EBBOU,1,0.9260935143288085,0.07390648567119155,No
1163,8124-NZVGJ,1,0.8389610389610389,0.16103896103896104,No
1164,3130-ICDUP,2,0.41207815275310833,0.5879218472468917,Yes
1165,2887-JPYLU,1,0.7647058823529411,0.23529411764705882,No
1166,1724-BQUHA,2,0.41207815275310833,0.5879218472468917,Yes
1167,5883-GTGVD,2,0.7647058823529411,0.23529411764705882,No
1168,6857-VWJDT,2,0.12080536912751678,0.8791946308724832,Yes
1169,6029-CSMJE,1,0.8389610389610389,0.16103896103896104,No
1170,8327-WKMIE,3,0.980225988700565,0.01977401129943503,No
1171,3638-VBZTA,1,0.9260935143288085,0.07390648567119155,No
1172,7742-MYPGI,1,0.8389610389610389,0.16103896103896104,No
1173,6537-QLGEX,1,0.8389610389610389,0.16103896103896104,No
1174,4039-PIMHX,1,0.7647058823529411,0.23529411764705882,No
1175,0058-EVZWM,2,0.7647058823529411,0.23529411764705882,No
1176,3423-HHXAO,3,0.8389610389610389,0.16103896103896104,No
1177,0310-SUCIN,1,0.9260935143288085,0.07390648567119155,No
1178,4853-OITSN,2,0.41207815275310833,0.5879218472468917,Yes
1179,0946-CLJTI,2,0.7647058823529411,0.23529411764705882,No
1180,2466-FCCPT,3,0.980225988700565,0.01977401129943503,No
1181,6202-DYYFX,2,0.7647058823529411,0.23529411764705882,No
1182,8634-MPHTR,2,0.7647058823529411,0.23529411764705882,No
1183,2387-KDZQY,3,0.8389610389610389,0.16103896103896104,No
1184,2959-FENLU,2,0.41207815275310833,0.5879218472468917,Yes
1185,6746-WAUWT,3,0.980225988700565,0.01977401129943503,No
1186,4837-QUSFT,2,0.9260935143288085,0.07390648567119155,No
1187,0464-WJTKO,3,1.0,0.0,No
1188,0516-WJVXC,1,0.6081081081081081,0.3918918918918919,No
1189,3323-CPBWR,2,0.7647058823529411,0.23529411764705882,No
1190,9812-GHVRI,2,0.7647058823529411,0.23529411764705882,No
1191,7359-SSBJK,1,0.9260935143288085,0.07390648567119155,No
1192,5018-GWURO,2,0.7647058823529411,0.23529411764705882,No
1193,2348-KCJLT,1,0.7647058823529411,0.23529411764705882,No
1194,7356-IWLFW,2,0.7647058823529411,0.23529411764705882,No
1195,0014-BMAQU,2,0.9260935143288085,0.07390648567119155,No
1196,1699-TLDLZ,3,0.8389610389610389,0.16103896103896104,No
1197,9565-DJPIB,2,0.41207815275310833,0.5879218472468917,Yes
1198,2371-JUNGC,3,0.8389610389610389,0.16103896103896104,No
1199,6849-OYAMU,2,0.7647058823529411,0.23529411764705882,No
1200,3082-YVEKW,1,0.7647058823529411,0.23529411764705882,No
1201,2525-GVKQU,3,0.980225988700565,0.01977401129943503,No
1202,4487-ZYJZK,3,0.980225988700565,0.01977401129943503,No
1203,6733-LRIZX,2,0.7647058823529411,0.23529411764705882,No
1204,2208-NQBCT,2,0.7647058823529411,0.23529411764705882,No
1205,6479-OAUSD,3,0.980225988700565,0.01977401129943503,No
1206,0840-DCNZE,1,0.7647058823529411,0.23529411764705882,No
1207,0468-YRPXN,2,0.7647058823529411,0.23529411764705882,No
1208,0825-CPPQH,3,1.0,0.0,No
1209,4742-DRORA,2,0.9260935143288085,0.07390648567119155,No
1210,2523-EWWZL,2,0.7647058823529411,0.23529411764705882,No
1211,7114-AEOZE,3,0.980225988700565,0.01977401129943503,No
1212,4584-LBNMK,3,0.980225988700565,0.01977401129943503,No
1213,6497-TILVL,1,0.8389610389610389,0.16103896103896104,No
1214,9975-GPKZU,3,0.980225988700565,0.01977401129943503,No
1215,2034-CGRHZ,2,0.7647058823529411,0.23529411764705882,No
1216,8992-CEUEN,3,0.6081081081081081,0.3918918918918919,No
1217,6568-POCUI,2,0.7647058823529411,0.23529411764705882,No
1218,3567-PQTSO,2,0.7647058823529411,0.23529411764705882,No
1219,5708-EVONK,2,0.7647058823529411,0.23529411764705882,No
1220,8444-WRIDW,2,0.9260935143288085,0.07390648567119155,No
1221,4550-VBOFE,2,0.9260935143288085,0.07390648567119155,No
1222,7253-UVNDW,1,0.7647058823529411,0.23529411764705882,No
1223,4690-PKDQG,2,0.7647058823529411,0.23529411764705882,No
1224,0496-AHOOK,1,0.7647058823529411,0.23529411764705882,No
1225,3657-COGMW,2,0.7647058823529411,0.23529411764705882,No
1226,3970-XGJDU,3,1.0,0.0,No
1227,9800-ONTFE,2,0.7647058823529411,0.23529411764705882,No
1228,9039-RBEEE,1,0.7647058823529411,0.23529411764705882,No
1229,0020-JDNXP,1,0.7647058823529411,0.23529411764705882,No
1230,7905-TVXTA,1,0.6081081081081081,0.3918918918918919,No
1231,9919-FZDED,1,0.9260935143288085,0.07390648567119155,No
1232,5378-IKEEG,1,0.6081081081081081,0.3918918918918919,No
1233,2150-OEGBV,3,0.980225988700565,0.01977401129943503,No
1234,1197-BVMVG,2,0.41207815275310833,0.5879218472468917,Yes
1235,7266-GSSJX,3,0.8389610389610389,0.16103896103896104,No
1236,0708-SJDIS,1,0.7647058823529411,0.23529411764705882,No
1237,9251-AWQGT,3,0.980225988700565,0.01977401129943503,No
1238,1814-WFGVS,1,0.9260935143288085,0.07390648567119155,No
1239,4566-GOLUK,2,0.7647058823529411,0.23529411764705882,No
1240,5572-ZDXHY,2,0.7647058823529411,0.23529411764705882,No
1241,2080-SRCDE,3,0.6081081081081081,0.3918918918918919,No
1242,8637-XJIVR,2,0.41207815275310833,0.5879218472468917,Yes
1243,6968-URWQU,1,0.7647058823529411,0.23529411764705882,No
1244,7766-CLTIC,1,0.8389610389610389,0.16103896103896104,No
1245,6557-BZXLQ,2,0.41207815275310833,0.5879218472468917,Yes
1246,6927-WTFIV,2,0.7647058823529411,0.23529411764705882,No
1247,9257-AZMTZ,3,0.980225988700565,0.01977401129943503,No
1248,5389-FFVKB,2,0.7647058823529411,0.23529411764705882,No
1249,5914-GXMDA,3,0.980225988700565,0.01977401129943503,No
1250,4829-AUOAX,2,0.7647058823529411,0.23529411764705882,No
1251,9495-SKLKD,2,0.7647058823529411,0.23529411764705882,No
1252,5141-ZUVBH,2,0.41207815275310833,0.5879218472468917,Yes
1253,1069-QJOEE,3,0.980225988700565,0.01977401129943503,No
1254,4629-NRXKX,2,0.41207815275310833,0.5879218472468917,Yes
1255,7855-DIWPO,2,0.7647058823529411,0.23529411764705882,No
1256,4280-DLSHD,1,0.8389610389610389,0.16103896103896104,No
1257,9430-FRQOC,2,0.41207815275310833,0.5879218472468917,Yes
1258,4929-ROART,1,0.8389610389610389,0.16103896103896104,No
1259,6650-VJONK,1,0.6081081081081081,0.3918918918918919,No
1260,6769-DCQLI,2,0.7647058823529411,0.23529411764705882,No
1261,8249-THVEC,3,0.980225988700565,0.01977401129943503,No
1262,7073-QETQY,3,1.0,0.0,No
1263,2408-WITXK,1,0.8389610389610389,0.16103896103896104,No
1264,4116-TZAQJ,2,0.41207815275310833,0.5879218472468917,Yes
1265,2039-JONDJ,1,0.7647058823529411,0.23529411764705882,No
1266,2984-AFWNC,2,0.41207815275310833,0.5879218472468917,Yes
1267,0848-ZGQIJ,2,0.41207815275310833,0.5879218472468917,Yes
1268,1335-HQMKX,2,0.9260935143288085,0.07390648567119155,No
1269,5482-VXSXJ,2,0.7647058823529411,0.23529411764705882,No
1270,9281-OFDMF,2,0.7647058823529411,0.23529411764705882,No
1271,9129-UXERG,2,0.41207815275310833,0.5879218472468917,Yes
1272,4039-HEUNW,2,0.7647058823529411,0.23529411764705882,No
1273,3170-NMYVV,3,0.980225988700565,0.01977401129943503,No
1274,9705-IOVQQ,2,0.9260935143288085,0.07390648567119155,No
1275,7156-MXBJE,1,0.7647058823529411,0.23529411764705882,No
1276,6344-SFJVH,1,0.980225988700565,0.01977401129943503,No
1277,5651-YLPRD,2,0.7647058823529411,0.23529411764705882,No
1278,8752-GHJFU,2,0.9260935143288085,0.07390648567119155,No
1279,1866-NXPSP,1,0.7647058823529411,0.23529411764705882,No
1280,2696-RZVZW,3,1.0,0.0,No
1281,4878-BUNFV,3,0.980225988700565,0.01977401129943503,No
1282,7129-CAKJW,2,0.41207815275310833,0.5879218472468917,Yes
1283,9220-CXRSC,1,0.9260935143288085,0.07390648567119155,No
1284,8434-VGEQQ,3,0.980225988700565,0.01977401129943503,No
1285,8584-KMVXD,2,0.41207815275310833,0.5879218472468917,Yes
1286,0220-EBGCE,2,0.41207815275310833,0.5879218472468917,Yes
1287,6366-ZGQGL,1,0.6081081081081081,0.3918918918918919,No
1288,7872-BAAZR,3,0.980225988700565,0.01977401129943503,No
1289,4911-BANWH,2,0.7647058823529411,0.23529411764705882,No
1290,1047-NNCBF,2,0.7647058823529411,0.23529411764705882,No
1291,5312-UXESG,2,0.7647058823529411,0.23529411764705882,No
1292,6338-AVWCY,1,0.6081081081081081,0.3918918918918919,No
1293,6734-JDTTV,3,1.0,0.0,No
1294,9643-AVVWI,2,0.41207815275310833,0.5879218472468917,Yes
1295,7103-IPXPJ,2,0.7647058823529411,0.23529411764705882,No
1296,2694-CIUMO,2,0.41207815275310833,0.5879218472468917,Yes
1297,1518-OMDIK,1,0.7647058823529411,0.23529411764705882,No
1298,5569-KGJHX,2,0.41207815275310833,0.5879218472468917,Yes
1299,9334-GWGOW,2,0.41207815275310833,0.5879218472468917,Yes
1300,2252-JHJGE,2,0.9260935143288085,0.07390648567119155,No
1301,3143-JQEGI,2,0.41207815275310833,0.5879218472468917,Yes
1302,5161-XEUVX,2,0.7647058823529411,0.23529411764705882,No
1303,6416-JNVRK,1,0.7647058823529411,0.23529411764705882,No
1304,3566-VVORZ,1,0.8389610389610389,0.16103896103896104,No
1305,8198-RKSZG,1,0.41207815275310833,0.5879218472468917,Yes
1306,5161-UBZXI,2,0.9260935143288085,0.07390648567119155,No
1307,3908-BLSYF,2,0.41207815275310833,0.5879218472468917,Yes
1308,2971-SGAFL,1,0.41207815275310833,0.5879218472468917,Yes
1309,4884-LEVMQ,3,0.980225988700565,0.01977401129943503,No
1310,1089-HDMKP,1,0.8389610389610389,0.16103896103896104,No
1311,2323-ARSVR,2,0.9260935143288085,0.07390648567119155,No
1312,0277-ORXQS,1,0.9260935143288085,0.07390648567119155,No
1313,0515-YPMCW,2,0.12080536912751678,0.8791946308724832,Yes
1314,9564-KCLHR,1,0.6081081081081081,0.3918918918918919,No
1315,2322-VCZHZ,2,0.7647058823529411,0.23529411764705882,No
1316,2890-WFBHU,1,0.7647058823529411,0.23529411764705882,No
1317,1431-CYWMH,3,0.980225988700565,0.01977401129943503,No
1318,6894-LFHLY,2,0.12080536912751678,0.8791946308724832,Yes
1319,8087-LGYHQ,2,0.41207815275310833,0.5879218472468917,Yes
1320,6435-VWCCY,2,0.9260935143288085,0.07390648567119155,No
1321,9496-IVVRP,1,0.8389610389610389,0.16103896103896104,No
1322,5766-ZJYBB,3,0.6081081081081081,0.3918918918918919,No
1323,7055-VKGDA,2,0.7647058823529411,0.23529411764705882,No
1324,4062-HBMOS,2,0.7647058823529411,0.23529411764705882,No
1325,6285-FTQBF,3,1.0,0.0,No
1326,9128-CPXKI,2,0.7647058823529411,0.23529411764705882,No
1327,6419-ZTTLE,3,0.980225988700565,0.01977401129943503,No
1328,9961-JBNMK,2,0.7647058823529411,0.23529411764705882,No
1329,7351-MHQVU,1,0.8389610389610389,0.16103896103896104,No
1330,1073-XXCZD,3,0.980225988700565,0.01977401129943503,No
1331,0401-WDBXM,2,0.9260935143288085,0.07390648567119155,No
1332,3823-KYNQY,3,0.8389610389610389,0.16103896103896104,No
1333,1049-FYSYG,1,0.8389610389610389,0.16103896103896104,No
1334,5854-KSRBJ,3,1.0,0.0,No
1335,6303-KFWSL,1,0.7647058823529411,0.23529411764705882,No
1336,8467-WYNSR,1,0.7647058823529411,0.23529411764705882,No
1337,3712-PKXZA,3,0.980225988700565,0.01977401129943503,No
1338,1269-FOYWN,3,0.980225988700565,0.01977401129943503,No
1339,9950-MTGYX,3,0.980225988700565,0.01977401129943503,No
1340,7297-DVYGA,3,0.980225988700565,0.01977401129943503,No
1341,9089-UOWJG,1,0.8389610389610389,0.16103896103896104,No
1342,0722-SVSFK,2,0.41207815275310833,0.5879218472468917,Yes
1343,5248-YGIJN,1,0.9260935143288085,0.07390648567119155,No
1344,6878-GGDWG,3,0.980225988700565,0.01977401129943503,No
1345,2826-UWHIS,2,0.7647058823529411,0.23529411764705882,No
1346,0674-GCDXG,1,0.9260935143288085,0.07390648567119155,No
1347,7005-CYUIL,2,0.9260935143288085,0.07390648567119155,No
1348,7252-NTGSS,1,0.6081081081081081,0.3918918918918919,No
1349,7365-BVCJH,1,0.6081081081081081,0.3918918918918919,No
1350,7854-EDSSA,1,0.7647058823529411,0.23529411764705882,No
1351,7577-SWIFR,2,0.12080536912751678,0.8791946308724832,Yes
1352,9194-GFVOI,1,0.7647058823529411,0.23529411764705882,No
1353,9601-BRXPO,2,0.7647058823529411,0.23529411764705882,No
1354,0420-BWTPW,1,0.8389610389610389,0.16103896103896104,No
1355,3703-TTEPD,1,0.7647058823529411,0.23529411764705882,No
1356,2832-SCUCO,3,0.6081081081081081,0.3918918918918919,No
1357,2357-COQEK,2,0.7647058823529411,0.23529411764705882,No
1358,5256-SKJGO,1,0.9260935143288085,0.07390648567119155,No
1359,0264-CNITK,3,1.0,0.0,No
1360,9348-YVOMK,1,0.6081081081081081,0.3918918918918919,No
1361,5301-GAUUY,2,0.7647058823529411,0.23529411764705882,No
1362,3669-OYSJI,1,0.6081081081081081,0.3918918918918919,No
1363,0623-GDISB,1,0.6081081081081081,0.3918918918918919,No
1364,7975-TZMLR,2,0.7647058823529411,0.23529411764705882,No
1365,2550-QHZGP,3,0.8389610389610389,0.16103896103896104,No
1366,9705-ZJBCG,1,0.8389610389610389,0.16103896103896104,No
1367,6906-MPARY,2,0.7647058823529411,0.23529411764705882,No
1368,4013-UBXWQ,1,0.41207815275310833,0.5879218472468917,Yes
1369,6652-YFFJO,1,0.8389610389610389,0.16103896103896104,No
1370,0394-YONDK,3,1.0,0.0,No
1371,7274-CGTOD,1,0.9260935143288085,0.07390648567119155,No
1372,4959-JOSRX,1,0.6081081081081081,0.3918918918918919,No
1373,5054-IEXZT,2,0.12080536912751678,0.8791946308724832,Yes
1374,7404-JLKQG,1,0.6081081081081081,0.3918918918918919,No
1375,8561-NMTBD,2,0.9260935143288085,0.07390648567119155,No
1376,0480-KYJVA,3,1.0,0.0,No
1377,3777-XROBG,3,0.980225988700565,0.01977401129943503,No
1378,6010-DDPPW,3,1.0,0.0,No
1379,5696-EXCYS,3,0.8389610389610389,0.16103896103896104,No
1380,1035-IPQPU,2,0.9260935143288085,0.07390648567119155,No
1381,4625-XMOYM,3,1.0,0.0,No
1382,7798-JVXYM,1,0.41207815275310833,0.5879218472468917,Yes
1383,9137-NOQKA,3,0.6081081081081081,0.3918918918918919,No
1384,9801-NOSHQ,3,0.980225988700565,0.01977401129943503,No
1385,9450-TRJUU,2,0.7647058823529411,0.23529411764705882,No
1386,5242-UOWHD,3,0.980225988700565,0.01977401129943503,No
1387,4010-YLMVT,2,0.7647058823529411,0.23529411764705882,No
1388,7005-CCBKV,2,0.41207815275310833,0.5879218472468917,Yes
1389,6198-PNNSZ,2,0.7647058823529411,0.23529411764705882,No
1390,3689-MOZGR,1,0.7647058823529411,0.23529411764705882,No
1391,4919-IKATY,2,0.41207815275310833,0.5879218472468917,Yes
1392,1875-QIVME,2,0.41207815275310833,0.5879218472468917,Yes
1393,0843-WTBXE,2,0.7647058823529411,0.23529411764705882,No
1394,9944-AEXBM,2,0.7647058823529411,0.23529411764705882,No
1395,3389-YGYAI,2,0.41207815275310833,0.5879218472468917,Yes
1396,0308-GIQJT,2,0.9260935143288085,0.07390648567119155,No
1397,0206-TBWLC,2,0.7647058823529411,0.23529411764705882,No
1398,9681-KYGYB,2,0.7647058823529411,0.23529411764705882,No
1399,9103-TCIHJ,1,0.8389610389610389,0.16103896103896104,No
1400,3946-MHCZW,1,0.6081081081081081,0.3918918918918919,No
1401,3296-SILRA,2,0.12080536912751678,0.8791946308724832,Yes
1402,3620-EHIMZ,3,0.980225988700565,0.01977401129943503,No
1403,6615-NGGZJ,2,0.41207815275310833,0.5879218472468917,Yes
1404,5373-SFODM,2,0.7647058823529411,0.23529411764705882,No
1405,4377-VDHYI,2,0.7647058823529411,0.23529411764705882,No
1406,6131-FOYAS,1,0.7647058823529411,0.23529411764705882,No
1407,3680-CTHUH,2,0.9260935143288085,0.07390648567119155,No
1408,5063-IUOKK,3,0.8389610389610389,0.16103896103896104,No
